plane_order,invert_bits,discard_position,swap_nibbles,printable_compatible_bytes,all_13_printable_compatible,forced_pattern,total_printable_options
1234,False,1,False,5,False,???????7?????,38
1234,False,1,True,5,False,?????????????,60
1234,False,2,False,6,False,???????7?????,50
1234,False,2,True,5,False,?????????????,60
1234,False,3,False,6,False,???????7?????,50
1234,False,3,True,5,False,?????????????,60
1234,False,4,False,6,False,???????7?????,50
1234,False,4,True,5,False,?????????????,60
1234,False,5,False,6,False,???????7?????,50
1234,False,5,True,5,False,?????????????,60
1234,False,6,False,5,False,???????7?????,34
1234,False,6,True,5,False,?????????????,18
1234,False,7,False,5,False,???????7?????,34
1234,False,7,True,5,False,?????????????,14
1234,False,8,False,5,False,???????7?????,37
1234,False,8,True,5,False,?????????????,14
1234,False,9,False,5,False,???????7?????,78
1234,False,9,True,6,False,?????????????,38
1234,False,10,False,5,False,???????7?????,78
1234,False,10,True,6,False,?????????????,38
1234,False,11,False,5,False,???????7?????,78
1234,False,11,True,6,False,?????????????,38
1234,False,12,False,5,False,???????7?????,78
1234,False,12,True,6,False,?????????????,38
1234,False,13,False,5,False,???????7?????,78
1234,False,13,True,5,False,?????????????,34
1234,False,14,False,6,False,???????7?????,80
1234,False,14,True,5,False,?????????????,34
1234,False,15,False,6,False,???????7?????,86
1234,False,15,True,5,False,?????????????,34
1234,False,16,False,5,False,?????????????,85
1234,False,16,True,5,False,???????p?????,33
1234,False,17,False,5,False,?????????????,85
1234,False,17,True,5,False,???????0?????,33
1234,False,18,False,6,False,?????????????,89
1234,False,18,True,5,False,???????0?????,33
1234,False,19,False,6,False,?????????????,88
1234,False,19,True,5,False,???????0?????,33
1234,False,20,False,5,False,?????????????,86
1234,False,20,True,5,False,???????0?????,33
1234,False,21,False,5,False,?????????????,86
1234,False,21,True,6,False,???????0?????,37
1234,False,22,False,4,False,?????????????,70
1234,False,22,True,6,False,???????0?????,37
1234,False,23,False,4,False,?????????????,70
1234,False,23,True,7,False,???????0?????,41
1234,False,24,False,4,False,?????????????,70
1234,False,24,True,7,False,???????0?????,53
1234,False,25,False,4,False,?????????????,70
1234,False,25,True,6,False,???????0?????,37
1234,False,26,False,5,False,?????????????,78
1234,False,26,True,6,False,???????0?????,43
1234,False,27,False,5,False,?????????????,74
1234,False,27,True,5,False,???????0?????,35
1234,True,1,False,11,False,?/?????H?????,114
1234,True,1,True,7,False,?????????????,85
1234,True,2,False,12,False,?/?????H?????,126
1234,True,2,True,7,False,?????????????,113
1234,True,3,False,12,False,?/?????H?????,125
1234,True,3,True,6,False,?????????????,81
1234,True,4,False,12,False,???????H?????,126
1234,True,4,True,6,False,?????????????,81
1234,True,5,False,12,False,???????H?????,128
1234,True,5,True,7,False,?????????????,83
1234,True,6,False,11,False,???????H?????,97
1234,True,6,True,7,False,?????????????,83
1234,True,7,False,11,False,???????H?????,97
1234,True,7,True,8,False,?????????????,86
1234,True,8,False,10,False,???????H?????,94
1234,True,8,True,8,False,?????????????,86
1234,True,9,False,10,False,???????H?????,94
1234,True,9,True,9,False,?????????????,110
1234,True,10,False,9,False,???????H?????,90
1234,True,10,True,9,False,????n????????,107
1234,True,11,False,9,False,???????H?????,90
1234,True,11,True,9,False,?????????????,108
1234,True,12,False,9,False,???????H?????,87
1234,True,12,True,9,False,?????????????,108
1234,True,13,False,9,False,???????H?????,85
1234,True,13,True,10,False,?????????????,112
1234,True,14,False,8,False,???????H?????,82
1234,True,14,True,10,False,?????????????,112
1234,True,15,False,8,False,???????H?????,82
1234,True,15,True,11,False,?????????????,124
1234,True,16,False,7,False,?????????????,81
1234,True,16,True,11,False,?????????????,124
1234,True,17,False,7,False,?????????????,81
1234,True,17,True,12,False,???????O?????,125
1234,True,18,False,6,False,?????????????,73
1234,True,18,True,12,False,???????O?????,113
1234,True,19,False,6,False,?????????????,73
1234,True,19,True,12,False,???????O?????,111
1234,True,20,False,7,False,?????????????,81
1234,True,20,True,12,False,???????O?????,117
1234,True,21,False,7,False,?????????????,77
1234,True,21,True,11,False,???????O?????,109
1234,True,22,False,7,False,?????????????,61
1234,True,22,True,11,False,???????O?????,74
1234,True,23,False,7,False,?????????????,61
1234,True,23,True,11,False,???????O?????,70
1234,True,24,False,7,False,?????????????,92
1234,True,24,True,11,False,???????O?????,94
1234,True,25,False,7,False,?????????????,57
1234,True,25,True,11,False,???????O?????,78
1234,True,26,False,7,False,?????????????,64
1234,True,26,True,11,False,???????O?????,89
1234,True,27,False,7,False,?????????????,57
1234,True,27,True,11,False,???????O?????,90
1243,False,1,False,5,False,???????7?????,55
1243,False,1,True,7,False,?????????????,74
1243,False,2,False,5,False,???????7?????,65
1243,False,2,True,7,False,?????????????,74
1243,False,3,False,5,False,???????7?????,65
1243,False,3,True,8,False,?????????????,90
1243,False,4,False,5,False,???????7?????,65
1243,False,4,True,8,False,?????????????,90
1243,False,5,False,5,False,???????7?????,65
1243,False,5,True,8,False,?????????????,90
1243,False,6,False,4,False,???????7?????,41
1243,False,6,True,8,False,?????????????,48
1243,False,7,False,4,False,???????7?????,41
1243,False,7,True,8,False,?????????????,45
1243,False,8,False,4,False,???????7?????,43
1243,False,8,True,8,False,?????????????,45
1243,False,9,False,4,False,???????7?????,84
1243,False,9,True,8,False,?????????????,69
1243,False,10,False,5,False,???????7?????,86
1243,False,10,True,8,False,"????""????????",66
1243,False,11,False,5,False,???????7?????,88
1243,False,11,True,7,False,?????????????,65
1243,False,12,False,6,False,???????7?????,92
1243,False,12,True,7,False,?????????????,65
1243,False,13,False,6,False,???????7?????,90
1243,False,13,True,6,False,?????????????,61
1243,False,14,False,7,False,???????7?????,92
1243,False,14,True,6,False,?????????????,61
1243,False,15,False,7,False,???????7?????,98
1243,False,15,True,6,False,?????????????,61
1243,False,16,False,6,False,?????????????,97
1243,False,16,True,6,False,???????p?????,60
1243,False,17,False,6,False,?????????????,97
1243,False,17,True,6,False,???????0?????,60
1243,False,18,False,7,False,?????????????,101
1243,False,18,True,6,False,???????0?????,60
1243,False,19,False,7,False,?????????????,100
1243,False,19,True,6,False,???????0?????,60
1243,False,20,False,7,False,?????????????,100
1243,False,20,True,6,False,???????0?????,60
1243,False,21,False,7,False,?????????????,100
1243,False,21,True,6,False,???????0?????,60
1243,False,22,False,6,False,?????????????,76
1243,False,22,True,6,False,???????0?????,60
1243,False,23,False,6,False,?????????????,76
1243,False,23,True,7,False,???????0?????,66
1243,False,24,False,6,False,?????????????,76
1243,False,24,True,7,False,???????0?????,84
1243,False,25,False,6,False,?????????????,76
1243,False,25,True,6,False,???????0?????,60
1243,False,26,False,7,False,?????????????,88
1243,False,26,True,6,False,???????0?????,66
1243,False,27,False,7,False,?????????????,82
1243,False,27,True,5,False,???????0?????,58
1243,True,1,False,10,False,???????H?????,87
1243,True,1,True,7,False,?????????????,83
1243,True,2,False,11,False,???????H?????,99
1243,True,2,True,7,False,?????????????,111
1243,True,3,False,11,False,???????H?????,98
1243,True,3,True,6,False,?????????????,79
1243,True,4,False,12,False,???????H?????,100
1243,True,4,True,6,False,?????????????,79
1243,True,5,False,12,False,???????H?????,102
1243,True,5,True,6,False,?????????????,79
1243,True,6,False,11,False,???????H?????,79
1243,True,6,True,6,False,?????????????,79
1243,True,7,False,11,False,???????H?????,79
1243,True,7,True,7,False,?????????????,81
1243,True,8,False,10,False,???????H?????,77
1243,True,8,True,7,False,?????????????,81
1243,True,9,False,10,False,???????H?????,77
1243,True,9,True,8,False,?????????????,97
1243,True,10,False,9,False,???????H?????,73
1243,True,10,True,8,False,????]????????,94
1243,True,11,False,9,False,???????H?????,73
1243,True,11,True,8,False,?????????????,95
1243,True,12,False,9,False,???????H?????,70
1243,True,12,True,8,False,?????????????,95
1243,True,13,False,9,False,???????H?????,68
1243,True,13,True,9,False,?????????????,99
1243,True,14,False,8,False,???????H?????,66
1243,True,14,True,9,False,?????????????,99
1243,True,15,False,8,False,???????H?????,66
1243,True,15,True,10,False,?????????????,107
1243,True,16,False,7,False,?????????????,65
1243,True,16,True,10,False,?????????????,107
1243,True,17,False,7,False,?????????????,65
1243,True,17,True,11,False,???????O?????,108
1243,True,18,False,6,False,?????????????,53
1243,True,18,True,11,False,???????O?????,96
1243,True,19,False,6,False,?????????????,53
1243,True,19,True,11,False,???????O?????,95
1243,True,20,False,7,False,?????????????,61
1243,True,20,True,11,False,???????O?????,101
1243,True,21,False,7,False,?????????????,57
1243,True,21,True,10,False,???????O?????,93
1243,True,22,False,7,False,?????????????,49
1243,True,22,True,10,False,???????O?????,58
1243,True,23,False,7,False,?????????????,49
1243,True,23,True,10,False,???????O?????,52
1243,True,24,False,7,False,?????????????,88
1243,True,24,True,10,False,???????O?????,70
1243,True,25,False,7,False,?????????????,53
1243,True,25,True,10,False,???????O?????,54
1243,True,26,False,7,False,?????????????,60
1243,True,26,True,10,False,???????O?????,65
1243,True,27,False,7,False,?????????????,55
1243,True,27,True,10,False,???????O?????,58
1324,False,1,False,5,False,???????W?????,38
1324,False,1,True,5,False,?????????????,60
1324,False,2,False,6,False,???????W?????,50
1324,False,2,True,5,False,?????????????,60
1324,False,3,False,6,False,???????W?????,50
1324,False,3,True,5,False,?????????????,60
1324,False,4,False,6,False,???????W?????,50
1324,False,4,True,5,False,?????????????,60
1324,False,5,False,6,False,???????W?????,50
1324,False,5,True,5,False,?????????????,60
1324,False,6,False,5,False,???????W?????,34
1324,False,6,True,5,False,?????????????,18
1324,False,7,False,5,False,???????W?????,34
1324,False,7,True,5,False,?????????????,14
1324,False,8,False,5,False,???????W?????,37
1324,False,8,True,5,False,?????????????,14
1324,False,9,False,5,False,???????W?????,78
1324,False,9,True,6,False,?????????????,38
1324,False,10,False,5,False,???????W?????,78
1324,False,10,True,6,False,?????????????,38
1324,False,11,False,5,False,???????W?????,78
1324,False,11,True,6,False,?????????????,38
1324,False,12,False,5,False,???????W?????,78
1324,False,12,True,6,False,?????????????,38
1324,False,13,False,5,False,???????W?????,78
1324,False,13,True,5,False,?????????????,34
1324,False,14,False,6,False,???????W?????,80
1324,False,14,True,5,False,?????????????,34
1324,False,15,False,6,False,???????W?????,86
1324,False,15,True,5,False,?????????????,34
1324,False,16,False,5,False,?????????????,85
1324,False,16,True,5,False,???????p?????,33
1324,False,17,False,5,False,?????????????,85
1324,False,17,True,5,False,???????P?????,33
1324,False,18,False,6,False,?????????????,89
1324,False,18,True,5,False,???????P?????,33
1324,False,19,False,6,False,?????????????,88
1324,False,19,True,5,False,???????P?????,33
1324,False,20,False,5,False,?????????????,86
1324,False,20,True,5,False,???????P?????,33
1324,False,21,False,5,False,?????????????,86
1324,False,21,True,6,False,???????P?????,37
1324,False,22,False,4,False,?????????????,70
1324,False,22,True,6,False,???????P?????,37
1324,False,23,False,4,False,?????????????,70
1324,False,23,True,7,False,???????P?????,41
1324,False,24,False,4,False,?????????????,70
1324,False,24,True,7,False,???????P?????,53
1324,False,25,False,4,False,?????????????,70
1324,False,25,True,6,False,???????P?????,37
1324,False,26,False,5,False,?????????????,78
1324,False,26,True,6,False,???????P?????,43
1324,False,27,False,5,False,?????????????,74
1324,False,27,True,5,False,???????P?????,35
1324,True,1,False,11,False,?O?????(?????,114
1324,True,1,True,7,False,?????????????,85
1324,True,2,False,12,False,?O?????(?????,126
1324,True,2,True,7,False,?????????????,113
1324,True,3,False,12,False,?O?????(?????,125
1324,True,3,True,6,False,?????????????,81
1324,True,4,False,12,False,???????(?????,126
1324,True,4,True,6,False,?????????????,81
1324,True,5,False,12,False,???????(?????,128
1324,True,5,True,7,False,?????????????,83
1324,True,6,False,11,False,???????(?????,97
1324,True,6,True,7,False,?????????????,83
1324,True,7,False,11,False,???????(?????,97
1324,True,7,True,8,False,?????????????,86
1324,True,8,False,10,False,???????(?????,94
1324,True,8,True,8,False,?????????????,86
1324,True,9,False,10,False,???????(?????,94
1324,True,9,True,9,False,?????????????,110
1324,True,10,False,9,False,???????(?????,90
1324,True,10,True,9,False,????n????????,107
1324,True,11,False,9,False,???????(?????,90
1324,True,11,True,9,False,?????????????,108
1324,True,12,False,9,False,???????(?????,87
1324,True,12,True,9,False,?????????????,108
1324,True,13,False,9,False,???????(?????,85
1324,True,13,True,10,False,?????????????,112
1324,True,14,False,8,False,???????(?????,82
1324,True,14,True,10,False,?????????????,112
1324,True,15,False,8,False,???????(?????,82
1324,True,15,True,11,False,?????????????,124
1324,True,16,False,7,False,?????????????,81
1324,True,16,True,11,False,?????????????,124
1324,True,17,False,7,False,?????????????,81
1324,True,17,True,12,False,???????/?????,125
1324,True,18,False,6,False,?????????????,73
1324,True,18,True,12,False,???????/?????,113
1324,True,19,False,6,False,?????????????,73
1324,True,19,True,12,False,???????/?????,111
1324,True,20,False,7,False,?????????????,81
1324,True,20,True,12,False,???????/?????,117
1324,True,21,False,7,False,?????????????,77
1324,True,21,True,11,False,???????/?????,109
1324,True,22,False,7,False,?????????????,61
1324,True,22,True,11,False,???????/?????,74
1324,True,23,False,7,False,?????????????,61
1324,True,23,True,11,False,???????/?????,70
1324,True,24,False,7,False,?????????????,92
1324,True,24,True,11,False,???????/?????,94
1324,True,25,False,7,False,?????????????,57
1324,True,25,True,11,False,???????/?????,78
1324,True,26,False,7,False,?????????????,64
1324,True,26,True,11,False,???????/?????,89
1324,True,27,False,7,False,?????????????,57
1324,True,27,True,11,False,???????/?????,90
1342,False,1,False,6,False,???????g?????,41
1342,False,1,True,6,False,?????????????,72
1342,False,2,False,6,False,???????g?????,51
1342,False,2,True,6,False,?????????????,72
1342,False,3,False,6,False,???????g?????,51
1342,False,3,True,7,False,?????????????,88
1342,False,4,False,6,False,???????g?????,51
1342,False,4,True,7,False,?????????????,88
1342,False,5,False,6,False,???????g?????,51
1342,False,5,True,7,False,?????????????,88
1342,False,6,False,5,False,???????g?????,35
1342,False,6,True,7,False,?????????????,46
1342,False,7,False,5,False,???????g?????,35
1342,False,7,True,7,False,?????????????,42
1342,False,8,False,5,False,???????g?????,37
1342,False,8,True,7,False,?????????????,42
1342,False,9,False,5,False,???????g?????,78
1342,False,9,True,7,False,?????????????,66
1342,False,10,False,6,False,???????g?????,80
1342,False,10,True,7,False,"????""????????",63
1342,False,11,False,6,False,???????g?????,82
1342,False,11,True,6,False,?????????????,62
1342,False,12,False,7,False,???????g?????,86
1342,False,12,True,6,False,?????????????,62
1342,False,13,False,7,False,???????g?????,84
1342,False,13,True,5,False,?????????????,56
1342,False,14,False,8,False,???????g?????,87
1342,False,14,True,5,False,?????????????,56
1342,False,15,False,8,False,???????g?????,96
1342,False,15,True,5,False,?????????????,56
1342,False,16,False,7,False,?????????????,95
1342,False,16,True,5,False,???????p?????,55
1342,False,17,False,7,False,?????????????,95
1342,False,17,True,5,False,???????`?????,55
1342,False,18,False,8,False,?????????????,99
1342,False,18,True,5,False,???????`?????,55
1342,False,19,False,8,False,?????????????,98
1342,False,19,True,5,False,???????`?????,55
1342,False,20,False,7,False,?????????????,96
1342,False,20,True,5,False,???????`?????,55
1342,False,21,False,7,False,?????????????,96
1342,False,21,True,6,False,???????`?????,59
1342,False,22,False,6,False,?????????????,80
1342,False,22,True,6,False,???????`?????,59
1342,False,23,False,6,False,?????????????,80
1342,False,23,True,7,False,???????`?????,63
1342,False,24,False,6,False,?????????????,80
1342,False,24,True,7,False,???????`?????,75
1342,False,25,False,6,False,?????????????,80
1342,False,25,True,6,False,???????`?????,59
1342,False,26,False,7,False,?????????????,88
1342,False,26,True,6,False,???????`?????,59
1342,False,27,False,7,False,?????????????,84
1342,False,27,True,6,False,???????`?????,59
1342,True,1,False,10,False,?O???????????,113
1342,True,1,True,7,False,?????????;???,78
1342,True,2,False,11,False,?O???????????,125
1342,True,2,True,7,False,?????????;???,92
1342,True,3,False,11,False,?O???????????,124
1342,True,3,True,6,False,?????????;???,76
1342,True,4,False,11,False,?????????????,124
1342,True,4,True,6,False,?????????;???,76
1342,True,5,False,11,False,?????????????,125
1342,True,5,True,7,False,?????????;???,78
1342,True,6,False,10,False,?????????????,94
1342,True,6,True,7,False,?????????;???,78
1342,True,7,False,10,False,?????????????,94
1342,True,7,True,8,False,?????????;???,81
1342,True,8,False,9,False,?????????????,92
1342,True,8,True,8,False,?????????;???,81
1342,True,9,False,9,False,?????????????,92
1342,True,9,True,9,False,?????????;???,97
1342,True,10,False,8,False,?????????????,86
1342,True,10,True,9,False,????]????;???,94
1342,True,11,False,8,False,?????????????,86
1342,True,11,True,9,False,?????????;???,96
1342,True,12,False,8,False,?????????????,83
1342,True,12,True,9,False,?????????;???,96
1342,True,13,False,8,False,?????????????,81
1342,True,13,True,10,False,?????????;???,100
1342,True,14,False,7,False,?????????????,79
1342,True,14,True,10,False,?????????;???,100
1342,True,15,False,7,False,?????????????,79
1342,True,15,True,11,False,?????????;???,108
1342,True,16,False,7,False,?????????????,79
1342,True,16,True,11,False,?????????;???,108
1342,True,17,False,7,False,?????????????,79
1342,True,17,True,11,False,?????????;???,108
1342,True,18,False,6,False,?????????????,71
1342,True,18,True,11,False,?????????;???,99
1342,True,19,False,6,False,?????????????,71
1342,True,19,True,11,False,?????????;???,98
1342,True,20,False,7,False,?????????????,77
1342,True,20,True,11,False,?????????????,101
1342,True,21,False,7,False,?????????????,74
1342,True,21,True,10,False,?????????????,97
1342,True,22,False,7,False,?????????????,50
1342,True,22,True,10,False,?????????????,62
1342,True,23,False,7,False,?????????????,50
1342,True,23,True,10,False,?????????????,58
1342,True,24,False,7,False,?????????????,81
1342,True,24,True,10,False,?????????????,82
1342,True,25,False,7,False,?????????????,46
1342,True,25,True,10,False,?????????????,66
1342,True,26,False,7,False,?????????????,53
1342,True,26,True,10,False,?????????????,77
1342,True,27,False,7,False,?????????????,46
1342,True,27,True,10,False,?????????????,78
1423,False,1,False,5,False,???????W?????,55
1423,False,1,True,7,False,?????????????,74
1423,False,2,False,5,False,???????W?????,65
1423,False,2,True,7,False,?????????????,74
1423,False,3,False,5,False,???????W?????,65
1423,False,3,True,8,False,?????????????,90
1423,False,4,False,5,False,???????W?????,65
1423,False,4,True,8,False,?????????????,90
1423,False,5,False,5,False,???????W?????,65
1423,False,5,True,8,False,?????????????,90
1423,False,6,False,4,False,???????W?????,41
1423,False,6,True,8,False,?????????????,48
1423,False,7,False,4,False,???????W?????,41
1423,False,7,True,8,False,?????????????,45
1423,False,8,False,4,False,???????W?????,43
1423,False,8,True,8,False,?????????????,45
1423,False,9,False,4,False,???????W?????,84
1423,False,9,True,8,False,?????????????,69
1423,False,10,False,5,False,???????W?????,86
1423,False,10,True,8,False,????D????????,66
1423,False,11,False,5,False,???????W?????,88
1423,False,11,True,7,False,?????????????,65
1423,False,12,False,6,False,???????W?????,92
1423,False,12,True,7,False,?????????????,65
1423,False,13,False,6,False,???????W?????,90
1423,False,13,True,6,False,?????????????,61
1423,False,14,False,7,False,???????W?????,92
1423,False,14,True,6,False,?????????????,61
1423,False,15,False,7,False,???????W?????,98
1423,False,15,True,6,False,?????????????,61
1423,False,16,False,6,False,?????????????,97
1423,False,16,True,6,False,???????p?????,60
1423,False,17,False,6,False,?????????????,97
1423,False,17,True,6,False,???????P?????,60
1423,False,18,False,7,False,?????????????,101
1423,False,18,True,6,False,???????P?????,60
1423,False,19,False,7,False,?????????????,100
1423,False,19,True,6,False,???????P?????,60
1423,False,20,False,7,False,?????????????,100
1423,False,20,True,6,False,???????P?????,60
1423,False,21,False,7,False,?????????????,100
1423,False,21,True,6,False,???????P?????,60
1423,False,22,False,6,False,?????????????,76
1423,False,22,True,6,False,???????P?????,60
1423,False,23,False,6,False,?????????????,76
1423,False,23,True,7,False,???????P?????,66
1423,False,24,False,6,False,?????????????,76
1423,False,24,True,7,False,???????P?????,84
1423,False,25,False,6,False,?????????????,76
1423,False,25,True,6,False,???????P?????,60
1423,False,26,False,7,False,?????????????,88
1423,False,26,True,6,False,???????P?????,66
1423,False,27,False,7,False,?????????????,82
1423,False,27,True,5,False,???????P?????,58
1423,True,1,False,10,False,???????(?????,87
1423,True,1,True,7,False,?????????????,83
1423,True,2,False,11,False,???????(?????,99
1423,True,2,True,7,False,?????????????,111
1423,True,3,False,11,False,???????(?????,98
1423,True,3,True,6,False,?????????????,79
1423,True,4,False,12,False,???????(?????,100
1423,True,4,True,6,False,?????????????,79
1423,True,5,False,12,False,???????(?????,102
1423,True,5,True,6,False,?????????????,79
1423,True,6,False,11,False,???????(?????,79
1423,True,6,True,6,False,?????????????,79
1423,True,7,False,11,False,???????(?????,79
1423,True,7,True,7,False,?????????????,81
1423,True,8,False,10,False,???????(?????,77
1423,True,8,True,7,False,?????????????,81
1423,True,9,False,10,False,???????(?????,77
1423,True,9,True,8,False,?????????????,97
1423,True,10,False,9,False,???????(?????,73
1423,True,10,True,8,False,????;????????,94
1423,True,11,False,9,False,???????(?????,73
1423,True,11,True,8,False,?????????????,95
1423,True,12,False,9,False,???????(?????,70
1423,True,12,True,8,False,?????????????,95
1423,True,13,False,9,False,???????(?????,68
1423,True,13,True,9,False,?????????????,99
1423,True,14,False,8,False,???????(?????,66
1423,True,14,True,9,False,?????????????,99
1423,True,15,False,8,False,???????(?????,66
1423,True,15,True,10,False,?????????????,107
1423,True,16,False,7,False,?????????????,65
1423,True,16,True,10,False,?????????????,107
1423,True,17,False,7,False,?????????????,65
1423,True,17,True,11,False,???????/?????,108
1423,True,18,False,6,False,?????????????,53
1423,True,18,True,11,False,???????/?????,96
1423,True,19,False,6,False,?????????????,53
1423,True,19,True,11,False,???????/?????,95
1423,True,20,False,7,False,?????????????,61
1423,True,20,True,11,False,???????/?????,101
1423,True,21,False,7,False,?????????????,57
1423,True,21,True,10,False,???????/?????,93
1423,True,22,False,7,False,?????????????,49
1423,True,22,True,10,False,???????/?????,58
1423,True,23,False,7,False,?????????????,49
1423,True,23,True,10,False,???????/?????,52
1423,True,24,False,7,False,?????????????,88
1423,True,24,True,10,False,???????/?????,70
1423,True,25,False,7,False,?????????????,53
1423,True,25,True,10,False,???????/?????,54
1423,True,26,False,7,False,?????????????,60
1423,True,26,True,10,False,???????/?????,65
1423,True,27,False,7,False,?????????????,55
1423,True,27,True,10,False,???????/?????,58
1432,False,1,False,6,False,???????g?????,41
1432,False,1,True,6,False,?????????????,72
1432,False,2,False,6,False,???????g?????,51
1432,False,2,True,6,False,?????????????,72
1432,False,3,False,6,False,???????g?????,51
1432,False,3,True,7,False,?????????????,88
1432,False,4,False,6,False,???????g?????,51
1432,False,4,True,7,False,?????????????,88
1432,False,5,False,6,False,???????g?????,51
1432,False,5,True,7,False,?????????????,88
1432,False,6,False,5,False,???????g?????,35
1432,False,6,True,7,False,?????????????,46
1432,False,7,False,5,False,???????g?????,35
1432,False,7,True,7,False,?????????????,42
1432,False,8,False,5,False,???????g?????,37
1432,False,8,True,7,False,?????????????,42
1432,False,9,False,5,False,???????g?????,78
1432,False,9,True,7,False,?????????????,66
1432,False,10,False,6,False,???????g?????,80
1432,False,10,True,7,False,????D????????,63
1432,False,11,False,6,False,???????g?????,82
1432,False,11,True,6,False,?????????????,62
1432,False,12,False,7,False,???????g?????,86
1432,False,12,True,6,False,?????????????,62
1432,False,13,False,7,False,???????g?????,84
1432,False,13,True,5,False,?????????????,56
1432,False,14,False,8,False,???????g?????,87
1432,False,14,True,5,False,?????????????,56
1432,False,15,False,8,False,???????g?????,96
1432,False,15,True,5,False,?????????????,56
1432,False,16,False,7,False,?????????????,95
1432,False,16,True,5,False,???????p?????,55
1432,False,17,False,7,False,?????????????,95
1432,False,17,True,5,False,???????`?????,55
1432,False,18,False,8,False,?????????????,99
1432,False,18,True,5,False,???????`?????,55
1432,False,19,False,8,False,?????????????,98
1432,False,19,True,5,False,???????`?????,55
1432,False,20,False,7,False,?????????????,96
1432,False,20,True,5,False,???????`?????,55
1432,False,21,False,7,False,?????????????,96
1432,False,21,True,6,False,???????`?????,59
1432,False,22,False,6,False,?????????????,80
1432,False,22,True,6,False,???????`?????,59
1432,False,23,False,6,False,?????????????,80
1432,False,23,True,7,False,???????`?????,63
1432,False,24,False,6,False,?????????????,80
1432,False,24,True,7,False,???????`?????,75
1432,False,25,False,6,False,?????????????,80
1432,False,25,True,6,False,???????`?????,59
1432,False,26,False,7,False,?????????????,88
1432,False,26,True,6,False,???????`?????,59
1432,False,27,False,7,False,?????????????,84
1432,False,27,True,6,False,???????`?????,59
1432,True,1,False,10,False,?/???????????,113
1432,True,1,True,7,False,?????????]???,78
1432,True,2,False,11,False,?/???????????,125
1432,True,2,True,7,False,?????????]???,92
1432,True,3,False,11,False,?/???????????,124
1432,True,3,True,6,False,?????????]???,76
1432,True,4,False,11,False,?_???????????,124
1432,True,4,True,6,False,?????????]???,76
1432,True,5,False,11,False,?????????????,125
1432,True,5,True,7,False,?????????]???,78
1432,True,6,False,10,False,?????????????,94
1432,True,6,True,7,False,?????????]???,78
1432,True,7,False,10,False,?????????????,94
1432,True,7,True,8,False,?????????]???,81
1432,True,8,False,9,False,?????????????,92
1432,True,8,True,8,False,?????????]???,81
1432,True,9,False,9,False,?????????????,92
1432,True,9,True,9,False,?????????]???,97
1432,True,10,False,8,False,?????????????,86
1432,True,10,True,9,False,????;????]???,94
1432,True,11,False,8,False,?????????????,86
1432,True,11,True,9,False,?????????]???,96
1432,True,12,False,8,False,?????????????,83
1432,True,12,True,9,False,?????????]???,96
1432,True,13,False,8,False,?????????????,81
1432,True,13,True,10,False,?????????]???,100
1432,True,14,False,7,False,?????????????,79
1432,True,14,True,10,False,?????????]???,100
1432,True,15,False,7,False,?????????????,79
1432,True,15,True,11,False,?????????]???,108
1432,True,16,False,7,False,?????????????,79
1432,True,16,True,11,False,?????????]???,108
1432,True,17,False,7,False,?????????????,79
1432,True,17,True,11,False,?????????]???,108
1432,True,18,False,6,False,?????????????,71
1432,True,18,True,11,False,?????????]???,99
1432,True,19,False,6,False,?????????????,71
1432,True,19,True,11,False,?????????]???,98
1432,True,20,False,7,False,?????????????,77
1432,True,20,True,11,False,?????????????,101
1432,True,21,False,7,False,?????????????,74
1432,True,21,True,10,False,?????????????,97
1432,True,22,False,7,False,?????????????,50
1432,True,22,True,10,False,?????????????,62
1432,True,23,False,7,False,?????????????,50
1432,True,23,True,10,False,?????????????,58
1432,True,24,False,7,False,?????????????,81
1432,True,24,True,10,False,?????????????,82
1432,True,25,False,7,False,?????????????,46
1432,True,25,True,10,False,?????????????,66
1432,True,26,False,7,False,?????????????,53
1432,True,26,True,10,False,?????????????,77
1432,True,27,False,7,False,?????????????,46
1432,True,27,True,10,False,?????????????,78
2134,False,1,False,8,False,?????????????,57
2134,False,1,True,9,False,?????????????,83
2134,False,2,False,9,False,?????????????,69
2134,False,2,True,9,False,?????????????,110
2134,False,3,False,9,False,?????????????,69
2134,False,3,True,8,False,?????????????,79
2134,False,4,False,10,False,?????????????,71
2134,False,4,True,8,False,?????????????,79
2134,False,5,False,10,False,?????????????,72
2134,False,5,True,8,False,?????????????,79
2134,False,6,False,9,False,?????????????,56
2134,False,6,True,8,False,?????????????,65
2134,False,7,False,9,False,?????????????,56
2134,False,7,True,8,False,?????????????,65
2134,False,8,False,9,False,?????????????,55
2134,False,8,True,8,False,?????????????,65
2134,False,9,False,9,False,?????????????,69
2134,False,9,True,9,False,?????????????,89
2134,False,10,False,9,False,?????????????,69
2134,False,10,True,9,False,????Q????????,86
2134,False,11,False,9,False,?????????????,69
2134,False,11,True,8,False,?????????????,85
2134,False,12,False,9,False,?????????????,65
2134,False,12,True,8,False,?????????????,85
2134,False,13,False,9,False,?????????????,63
2134,False,13,True,8,False,?????????????,85
2134,False,14,False,9,False,?????????????,63
2134,False,14,True,8,False,?????????????,85
2134,False,15,False,9,False,?????????????,69
2134,False,15,True,9,False,?????????????,93
2134,False,16,False,8,False,?????????????,67
2134,False,16,True,9,False,?????????????,93
2134,False,17,False,8,False,?????????????,67
2134,False,17,True,10,False,?????????????,95
2134,False,18,False,7,False,?????????????,59
2134,False,18,True,10,False,?????????????,84
2134,False,19,False,7,False,?????????????,59
2134,False,19,True,10,False,?????????????,82
2134,False,20,False,7,False,?????????????,65
2134,False,20,True,10,False,?????????????,88
2134,False,21,False,7,False,?????????????,61
2134,False,21,True,10,False,?????????????,84
2134,False,22,False,7,False,?????????????,60
2134,False,22,True,10,False,?????????????,60
2134,False,23,False,7,False,?????????????,61
2134,False,23,True,10,False,?????????????,56
2134,False,24,False,8,False,?????????????,93
2134,False,24,True,10,False,?????????????,68
2134,False,25,False,8,False,?????????????,69
2134,False,25,True,9,False,?????????????,52
2134,False,26,False,9,False,?????????????,77
2134,False,26,True,9,False,?????????????,58
2134,False,27,False,9,False,?????????????,73
2134,False,27,True,8,False,?????????????,50
2134,True,1,False,8,False,?/????/??????,96
2134,True,1,True,5,False,?????????????,61
2134,True,2,False,9,False,?/????/??????,108
2134,True,2,True,5,False,?????????????,61
2134,True,3,False,9,False,?/????/??????,107
2134,True,3,True,5,False,?????????????,61
2134,True,4,False,8,False,??????/??????,106
2134,True,4,True,5,False,?????????????,61
2134,True,5,False,8,False,??????/??????,106
2134,True,5,True,6,False,?????????????,63
2134,True,6,False,7,False,??????/??????,75
2134,True,6,True,6,False,?????????????,35
2134,True,7,False,7,False,??????/??????,75
2134,True,7,True,6,False,?????????????,35
2134,True,8,False,7,False,??????/??????,76
2134,True,8,True,6,False,?????????????,35
2134,True,9,False,7,False,??????/??????,104
2134,True,9,True,7,False,?????????????,59
2134,True,10,False,6,False,??????/??????,100
2134,True,10,True,7,False,?????????????,59
2134,True,11,False,6,False,??????/??????,100
2134,True,11,True,8,False,?????????????,61
2134,True,12,False,6,False,??????/??????,100
2134,True,12,True,8,False,?????????????,61
2134,True,13,False,6,False,??????/??????,100
2134,True,13,True,8,False,?????????????,61
2134,True,14,False,5,False,?????????????,99
2134,True,14,True,8,False,?????????????,61
2134,True,15,False,5,False,?????????????,99
2134,True,15,True,9,False,?????????????,65
2134,True,16,False,5,False,?????????????,99
2134,True,16,True,9,False,???????O?????,64
2134,True,17,False,5,False,?????????????,99
2134,True,17,True,8,False,?????????????,63
2134,True,18,False,6,False,?????????????,103
2134,True,18,True,8,False,?????????????,63
2134,True,19,False,6,False,?????????????,103
2134,True,19,True,8,False,?????????????,63
2134,True,20,False,6,False,?????????????,103
2134,True,20,True,8,False,?????????????,63
2134,True,21,False,6,False,?????????????,103
2134,True,21,True,8,False,?????????????,63
2134,True,22,False,5,False,?????????????,71
2134,True,22,True,8,False,?????????????,51
2134,True,23,False,5,False,?????????????,71
2134,True,23,True,8,False,?????????????,55
2134,True,24,False,5,False,?????????????,71
2134,True,24,True,8,False,?????????????,79
2134,True,25,False,5,False,?????????????,59
2134,True,25,True,8,False,?????????????,63
2134,True,26,False,5,False,?????????????,66
2134,True,26,True,8,False,?????????????,74
2134,True,27,False,5,False,?????????????,59
2134,True,27,True,8,False,?????????????,75
2143,False,1,False,8,False,?????????????,74
2143,False,1,True,10,False,?????????????,97
2143,False,2,False,8,False,?????????????,84
2143,False,2,True,10,False,?????????????,124
2143,False,3,False,8,False,?????????????,84
2143,False,3,True,10,False,?????????????,109
2143,False,4,False,9,False,?????????????,86
2143,False,4,True,10,False,?????????????,109
2143,False,5,False,9,False,?????????????,87
2143,False,5,True,10,False,?????????????,109
2143,False,6,False,8,False,?????????????,63
2143,False,6,True,10,False,?????????????,95
2143,False,7,False,8,False,?????????????,63
2143,False,7,True,10,False,?????????????,96
2143,False,8,False,8,False,?????????????,61
2143,False,8,True,10,False,?????????????,96
2143,False,9,False,8,False,?????????????,75
2143,False,9,True,10,False,?????????????,120
2143,False,10,False,9,False,?????????????,77
2143,False,10,True,10,False,?????????????,114
2143,False,11,False,9,False,?????????????,79
2143,False,11,True,9,False,?????????????,112
2143,False,12,False,9,False,?????????????,79
2143,False,12,True,9,False,?????????????,112
2143,False,13,False,9,False,?????????????,75
2143,False,13,True,9,False,?????????????,112
2143,False,14,False,9,False,?????????????,75
2143,False,14,True,9,False,?????????????,112
2143,False,15,False,9,False,?????????????,81
2143,False,15,True,10,False,?????????????,120
2143,False,16,False,8,False,?????????????,79
2143,False,16,True,10,False,?????????????,120
2143,False,17,False,8,False,?????????????,79
2143,False,17,True,11,False,?????????????,122
2143,False,18,False,7,False,?????????????,71
2143,False,18,True,11,False,?????????????,111
2143,False,19,False,7,False,?????????????,71
2143,False,19,True,11,False,?????????????,109
2143,False,20,False,8,False,?????????????,79
2143,False,20,True,11,False,?????????????,115
2143,False,21,False,8,False,?????????????,75
2143,False,21,True,10,False,?????????????,107
2143,False,22,False,8,False,?????????????,66
2143,False,22,True,10,False,?????????????,83
2143,False,23,False,8,False,?????????????,67
2143,False,23,True,10,False,?????????????,81
2143,False,24,False,9,False,?????????????,99
2143,False,24,True,10,False,?????????????,99
2143,False,25,False,9,False,?????????????,75
2143,False,25,True,9,False,?????????????,75
2143,False,26,False,10,False,?????????????,87
2143,False,26,True,9,False,?????????????,81
2143,False,27,False,10,False,?????????????,81
2143,False,27,True,8,False,?????????????,73
2143,True,1,False,7,False,?????????????,69
2143,True,1,True,5,False,?????????????,59
2143,True,2,False,8,False,?????????????,81
2143,True,2,True,5,False,?????????????,59
2143,True,3,False,8,False,?????????????,80
2143,True,3,True,5,False,?????????????,59
2143,True,4,False,8,False,?????????????,80
2143,True,4,True,5,False,?????????????,59
2143,True,5,False,8,False,?????????????,80
2143,True,5,True,5,False,?????????????,59
2143,True,6,False,7,False,?????????????,57
2143,True,6,True,5,False,?????????????,31
2143,True,7,False,7,False,?????????????,57
2143,True,7,True,5,False,?????????????,30
2143,True,8,False,7,False,?????????????,59
2143,True,8,True,5,False,?????????????,30
2143,True,9,False,7,False,?????????????,87
2143,True,9,True,6,False,?????????????,46
2143,True,10,False,6,False,?????????????,83
2143,True,10,True,6,False,?????????????,46
2143,True,11,False,6,False,?????????????,83
2143,True,11,True,7,False,?????????????,48
2143,True,12,False,6,False,?????????????,83
2143,True,12,True,7,False,?????????????,48
2143,True,13,False,6,False,?????????????,83
2143,True,13,True,7,False,?????????????,48
2143,True,14,False,6,False,?????????????,83
2143,True,14,True,7,False,?????????????,48
2143,True,15,False,6,False,?????????????,83
2143,True,15,True,7,False,?????????????,48
2143,True,16,False,6,False,?????????????,83
2143,True,16,True,7,False,???????O?????,47
2143,True,17,False,6,False,?????????????,83
2143,True,17,True,6,False,?????????????,46
2143,True,18,False,6,False,?????????????,83
2143,True,18,True,6,False,?????????????,46
2143,True,19,False,6,False,?????????????,83
2143,True,19,True,7,False,????????$????,47
2143,True,20,False,6,False,?????????????,83
2143,True,20,True,7,False,????????$????,47
2143,True,21,False,6,False,?????????????,83
2143,True,21,True,7,False,????????$????,47
2143,True,22,False,5,False,?????????????,59
2143,True,22,True,7,False,????????$????,35
2143,True,23,False,5,False,?????????????,59
2143,True,23,True,7,False,????????$????,37
2143,True,24,False,5,False,?????????????,67
2143,True,24,True,7,False,????????$????,55
2143,True,25,False,5,False,?????????????,55
2143,True,25,True,7,False,????????$????,39
2143,True,26,False,5,False,?????????????,62
2143,True,26,True,7,False,????????$????,50
2143,True,27,False,5,False,?????????????,57
2143,True,27,True,7,False,????????$????,43
2314,False,1,False,8,False,?????????????,57
2314,False,1,True,9,False,?????????????,83
2314,False,2,False,9,False,?????????????,69
2314,False,2,True,9,False,?????????????,110
2314,False,3,False,9,False,?????????????,69
2314,False,3,True,8,False,?????????????,79
2314,False,4,False,10,False,?????????????,71
2314,False,4,True,8,False,?????????????,79
2314,False,5,False,10,False,?????????????,72
2314,False,5,True,8,False,?????????????,79
2314,False,6,False,9,False,?????????????,56
2314,False,6,True,8,False,?????????????,65
2314,False,7,False,9,False,?????????????,56
2314,False,7,True,8,False,?????????????,65
2314,False,8,False,9,False,?????????????,55
2314,False,8,True,8,False,?????????????,65
2314,False,9,False,9,False,?????????????,69
2314,False,9,True,9,False,?????????????,89
2314,False,10,False,9,False,?????????????,69
2314,False,10,True,9,False,????1????????,86
2314,False,11,False,9,False,?????????????,69
2314,False,11,True,8,False,?????????????,85
2314,False,12,False,9,False,?????????????,65
2314,False,12,True,8,False,?????????????,85
2314,False,13,False,9,False,?????????????,63
2314,False,13,True,8,False,?????????????,85
2314,False,14,False,9,False,?????????????,63
2314,False,14,True,8,False,?????????????,85
2314,False,15,False,9,False,?????????????,69
2314,False,15,True,9,False,?????????????,93
2314,False,16,False,8,False,?????????????,67
2314,False,16,True,9,False,?????????????,93
2314,False,17,False,8,False,?????????????,67
2314,False,17,True,10,False,?????????????,95
2314,False,18,False,7,False,?????????????,59
2314,False,18,True,10,False,?????????????,84
2314,False,19,False,7,False,?????????????,59
2314,False,19,True,10,False,?????????????,82
2314,False,20,False,7,False,?????????????,65
2314,False,20,True,10,False,?????????????,88
2314,False,21,False,7,False,?????????????,61
2314,False,21,True,10,False,?????????????,84
2314,False,22,False,7,False,?????????????,60
2314,False,22,True,10,False,?????????????,60
2314,False,23,False,7,False,?????????????,61
2314,False,23,True,10,False,?????????????,56
2314,False,24,False,8,False,?????????????,93
2314,False,24,True,10,False,?????????????,68
2314,False,25,False,8,False,?????????????,69
2314,False,25,True,9,False,?????????????,52
2314,False,26,False,9,False,?????????????,77
2314,False,26,True,9,False,?????????????,58
2314,False,27,False,9,False,?????????????,73
2314,False,27,True,8,False,?????????????,50
2314,True,1,False,8,False,?O????O??????,96
2314,True,1,True,5,False,?????????????,61
2314,True,2,False,9,False,?O????O??????,108
2314,True,2,True,5,False,?????????????,61
2314,True,3,False,9,False,?O????O??????,107
2314,True,3,True,5,False,?????????????,61
2314,True,4,False,8,False,??????O??????,106
2314,True,4,True,5,False,?????????????,61
2314,True,5,False,8,False,??????O??????,106
2314,True,5,True,6,False,?????????????,63
2314,True,6,False,7,False,??????O??????,75
2314,True,6,True,6,False,?????????????,35
2314,True,7,False,7,False,??????O??????,75
2314,True,7,True,6,False,?????????????,35
2314,True,8,False,7,False,??????O??????,76
2314,True,8,True,6,False,?????????????,35
2314,True,9,False,7,False,??????O??????,104
2314,True,9,True,7,False,?????????????,59
2314,True,10,False,6,False,??????O??????,100
2314,True,10,True,7,False,?????????????,59
2314,True,11,False,6,False,??????O??????,100
2314,True,11,True,8,False,?????????????,61
2314,True,12,False,6,False,??????O??????,100
2314,True,12,True,8,False,?????????????,61
2314,True,13,False,6,False,??????O??????,100
2314,True,13,True,8,False,?????????????,61
2314,True,14,False,5,False,?????????????,99
2314,True,14,True,8,False,?????????????,61
2314,True,15,False,5,False,?????????????,99
2314,True,15,True,9,False,?????????????,65
2314,True,16,False,5,False,?????????????,99
2314,True,16,True,9,False,???????/?????,64
2314,True,17,False,5,False,?????????????,99
2314,True,17,True,8,False,?????????????,63
2314,True,18,False,6,False,?????????????,103
2314,True,18,True,8,False,?????????????,63
2314,True,19,False,6,False,?????????????,103
2314,True,19,True,8,False,?????????????,63
2314,True,20,False,6,False,?????????????,103
2314,True,20,True,8,False,?????????????,63
2314,True,21,False,6,False,?????????????,103
2314,True,21,True,8,False,?????????????,63
2314,True,22,False,5,False,?????????????,71
2314,True,22,True,8,False,?????????????,51
2314,True,23,False,5,False,?????????????,71
2314,True,23,True,8,False,?????????????,55
2314,True,24,False,5,False,?????????????,71
2314,True,24,True,8,False,?????????????,79
2314,True,25,False,5,False,?????????????,59
2314,True,25,True,8,False,?????????????,63
2314,True,26,False,5,False,?????????????,66
2314,True,26,True,8,False,?????????????,74
2314,True,27,False,5,False,?????????????,59
2314,True,27,True,8,False,?????????????,75
2341,False,1,False,9,False,?????????????,56
2341,False,1,True,9,False,?????????????,91
2341,False,2,False,9,False,?????????????,66
2341,False,2,True,9,False,?????????????,118
2341,False,3,False,9,False,?????????????,66
2341,False,3,True,9,False,?????????????,103
2341,False,4,False,10,False,?????????????,68
2341,False,4,True,9,False,?????????????,103
2341,False,5,False,10,False,?????????????,69
2341,False,5,True,9,False,?????????????,103
2341,False,6,False,9,False,?????????????,53
2341,False,6,True,9,False,?????????????,82
2341,False,7,False,9,False,?????????????,53
2341,False,7,True,9,False,?????????????,81
2341,False,8,False,9,False,?????????????,52
2341,False,8,True,9,False,?????????????,81
2341,False,9,False,9,False,?????????????,73
2341,False,9,True,9,False,?????????????,105
2341,False,10,False,10,False,?????????????,75
2341,False,10,True,9,False,?????????????,99
2341,False,11,False,10,False,?????????????,77
2341,False,11,True,8,False,?????????????,97
2341,False,12,False,10,False,?????????????,81
2341,False,12,True,8,False,?????????????,97
2341,False,13,False,10,False,?????????????,77
2341,False,13,True,8,False,?????????????,93
2341,False,14,False,10,False,?????????????,78
2341,False,14,True,8,False,?????????????,93
2341,False,15,False,10,False,?????????????,87
2341,False,15,True,9,False,?????????????,101
2341,False,16,False,9,False,?????????????,85
2341,False,16,True,9,False,?????????????,101
2341,False,17,False,9,False,?????????????,85
2341,False,17,True,10,False,?????????????,103
2341,False,18,False,8,False,?????????????,77
2341,False,18,True,10,False,?????????????,95
2341,False,19,False,8,False,?????????????,77
2341,False,19,True,10,False,?????????????,94
2341,False,20,False,8,False,?????????????,81
2341,False,20,True,10,False,?????????????,100
2341,False,21,False,8,False,?????????????,78
2341,False,21,True,10,False,?????????????,96
2341,False,22,False,8,False,?????????????,77
2341,False,22,True,10,False,?????????????,78
2341,False,23,False,8,False,?????????????,78
2341,False,23,True,10,False,?????????????,76
2341,False,24,False,9,False,?????????????,102
2341,False,24,True,10,False,?????????????,88
2341,False,25,False,9,False,?????????????,84
2341,False,25,True,9,False,?????????????,72
2341,False,26,False,10,False,?????????????,92
2341,False,26,True,9,False,?????????????,72
2341,False,27,False,10,False,?????????????,88
2341,False,27,True,9,False,?????????????,72
2341,True,1,False,9,False,?O????O??????,101
2341,True,1,True,4,False,?????????????,59
2341,True,2,False,10,False,?O????O??????,113
2341,True,2,True,4,False,?????????????,59
2341,True,3,False,10,False,?O????O??????,112
2341,True,3,True,4,False,?????????????,59
2341,True,4,False,9,False,??????O??????,111
2341,True,4,True,4,False,?????????????,59
2341,True,5,False,9,False,??????O??????,111
2341,True,5,True,5,False,?????????????,61
2341,True,6,False,8,False,??????O??????,80
2341,True,6,True,5,False,?????????????,40
2341,True,7,False,8,False,??????O??????,80
2341,True,7,True,5,False,?????????????,41
2341,True,8,False,8,False,??????O??????,81
2341,True,8,True,5,False,?????????????,41
2341,True,9,False,8,False,??????O??????,102
2341,True,9,True,6,False,?????????????,57
2341,True,10,False,7,False,??????O??????,96
2341,True,10,True,6,False,?????????????,57
2341,True,11,False,7,False,??????O??????,96
2341,True,11,True,7,False,?????????????,60
2341,True,12,False,7,False,??????O??????,96
2341,True,12,True,7,False,?????????????,60
2341,True,13,False,7,False,??????O??????,96
2341,True,13,True,7,False,?????????????,60
2341,True,14,False,6,False,?????????????,95
2341,True,14,True,7,False,?????????????,60
2341,True,15,False,6,False,?????????????,95
2341,True,15,True,8,False,?????????????,64
2341,True,16,False,6,False,?????????????,95
2341,True,16,True,8,False,?????????????,64
2341,True,17,False,6,False,?????????????,95
2341,True,17,True,8,False,?????????????,64
2341,True,18,False,5,False,?????????????,91
2341,True,18,True,8,False,?????????????,64
2341,True,19,False,5,False,?????????????,91
2341,True,19,True,9,False,????????!????,65
2341,True,20,False,5,False,?????????????,91
2341,True,20,True,9,False,????????!????,65
2341,True,21,False,5,False,?????????????,91
2341,True,21,True,9,False,????????!????,65
2341,True,22,False,4,False,?????????????,59
2341,True,22,True,9,False,????????!????,47
2341,True,23,False,4,False,?????????????,59
2341,True,23,True,9,False,????????!????,49
2341,True,24,False,4,False,?????????????,67
2341,True,24,True,9,False,????????!????,73
2341,True,25,False,4,False,?????????????,49
2341,True,25,True,9,False,????????!????,57
2341,True,26,False,4,False,?????????????,56
2341,True,26,True,9,False,????????!????,68
2341,True,27,False,4,False,?????????????,49
2341,True,27,True,9,False,????????!????,69
2413,False,1,False,8,False,?????????????,74
2413,False,1,True,10,False,?????????????,97
2413,False,2,False,8,False,?????????????,84
2413,False,2,True,10,False,?????????????,124
2413,False,3,False,8,False,?????????????,84
2413,False,3,True,10,False,?????????????,109
2413,False,4,False,9,False,?????????????,86
2413,False,4,True,10,False,?????????????,109
2413,False,5,False,9,False,?????????????,87
2413,False,5,True,10,False,?????????????,109
2413,False,6,False,8,False,?????????????,63
2413,False,6,True,10,False,?????????????,95
2413,False,7,False,8,False,?????????????,63
2413,False,7,True,10,False,?????????????,96
2413,False,8,False,8,False,?????????????,61
2413,False,8,True,10,False,?????????????,96
2413,False,9,False,8,False,?????????????,75
2413,False,9,True,10,False,?????????????,120
2413,False,10,False,9,False,?????????????,77
2413,False,10,True,10,False,?????????????,114
2413,False,11,False,9,False,?????????????,79
2413,False,11,True,9,False,?????????????,112
2413,False,12,False,9,False,?????????????,79
2413,False,12,True,9,False,?????????????,112
2413,False,13,False,9,False,?????????????,75
2413,False,13,True,9,False,?????????????,112
2413,False,14,False,9,False,?????????????,75
2413,False,14,True,9,False,?????????????,112
2413,False,15,False,9,False,?????????????,81
2413,False,15,True,10,False,?????????????,120
2413,False,16,False,8,False,?????????????,79
2413,False,16,True,10,False,?????????????,120
2413,False,17,False,8,False,?????????????,79
2413,False,17,True,11,False,?????????????,122
2413,False,18,False,7,False,?????????????,71
2413,False,18,True,11,False,?????????????,111
2413,False,19,False,7,False,?????????????,71
2413,False,19,True,11,False,?????????????,109
2413,False,20,False,8,False,?????????????,79
2413,False,20,True,11,False,?????????????,115
2413,False,21,False,8,False,?????????????,75
2413,False,21,True,10,False,?????????????,107
2413,False,22,False,8,False,?????????????,66
2413,False,22,True,10,False,?????????????,83
2413,False,23,False,8,False,?????????????,67
2413,False,23,True,10,False,?????????????,81
2413,False,24,False,9,False,?????????????,99
2413,False,24,True,10,False,?????????????,99
2413,False,25,False,9,False,?????????????,75
2413,False,25,True,9,False,?????????????,75
2413,False,26,False,10,False,?????????????,87
2413,False,26,True,9,False,?????????????,81
2413,False,27,False,10,False,?????????????,81
2413,False,27,True,8,False,?????????????,73
2413,True,1,False,7,False,?????????????,69
2413,True,1,True,5,False,?????????????,59
2413,True,2,False,8,False,?????????????,81
2413,True,2,True,5,False,?????????????,59
2413,True,3,False,8,False,?????????????,80
2413,True,3,True,5,False,?????????????,59
2413,True,4,False,8,False,?????????????,80
2413,True,4,True,5,False,?????????????,59
2413,True,5,False,8,False,?????????????,80
2413,True,5,True,5,False,?????????????,59
2413,True,6,False,7,False,?????????????,57
2413,True,6,True,5,False,?????????????,31
2413,True,7,False,7,False,?????????????,57
2413,True,7,True,5,False,?????????????,30
2413,True,8,False,7,False,?????????????,59
2413,True,8,True,5,False,?????????????,30
2413,True,9,False,7,False,?????????????,87
2413,True,9,True,6,False,?????????????,46
2413,True,10,False,6,False,?????????????,83
2413,True,10,True,6,False,?????????????,46
2413,True,11,False,6,False,?????????????,83
2413,True,11,True,7,False,?????????????,48
2413,True,12,False,6,False,?????????????,83
2413,True,12,True,7,False,?????????????,48
2413,True,13,False,6,False,?????????????,83
2413,True,13,True,7,False,?????????????,48
2413,True,14,False,6,False,?????????????,83
2413,True,14,True,7,False,?????????????,48
2413,True,15,False,6,False,?????????????,83
2413,True,15,True,7,False,?????????????,48
2413,True,16,False,6,False,?????????????,83
2413,True,16,True,7,False,???????/?????,47
2413,True,17,False,6,False,?????????????,83
2413,True,17,True,6,False,?????????????,46
2413,True,18,False,6,False,?????????????,83
2413,True,18,True,6,False,?????????????,46
2413,True,19,False,6,False,?????????????,83
2413,True,19,True,7,False,????????B????,47
2413,True,20,False,6,False,?????????????,83
2413,True,20,True,7,False,????????B????,47
2413,True,21,False,6,False,?????????????,83
2413,True,21,True,7,False,????????B????,47
2413,True,22,False,5,False,?????????????,59
2413,True,22,True,7,False,????????B????,35
2413,True,23,False,5,False,?????????????,59
2413,True,23,True,7,False,????????B????,37
2413,True,24,False,5,False,?????????????,67
2413,True,24,True,7,False,????????B????,55
2413,True,25,False,5,False,?????????????,55
2413,True,25,True,7,False,????????B????,39
2413,True,26,False,5,False,?????????????,62
2413,True,26,True,7,False,????????B????,50
2413,True,27,False,5,False,?????????????,57
2413,True,27,True,7,False,????????B????,43
2431,False,1,False,9,False,?????????????,56
2431,False,1,True,9,False,?????????????,91
2431,False,2,False,9,False,?????????????,66
2431,False,2,True,9,False,?????????????,118
2431,False,3,False,9,False,?????????????,66
2431,False,3,True,9,False,?????????????,103
2431,False,4,False,10,False,?????????????,68
2431,False,4,True,9,False,?????????????,103
2431,False,5,False,10,False,?????????????,69
2431,False,5,True,9,False,?????????????,103
2431,False,6,False,9,False,?????????????,53
2431,False,6,True,9,False,?????????????,82
2431,False,7,False,9,False,?????????????,53
2431,False,7,True,9,False,?????????????,81
2431,False,8,False,9,False,?????????????,52
2431,False,8,True,9,False,?????????????,81
2431,False,9,False,9,False,?????????????,73
2431,False,9,True,9,False,?????????????,105
2431,False,10,False,10,False,?????????????,75
2431,False,10,True,9,False,?????????????,99
2431,False,11,False,10,False,?????????????,77
2431,False,11,True,8,False,?????????????,97
2431,False,12,False,10,False,?????????????,81
2431,False,12,True,8,False,?????????????,97
2431,False,13,False,10,False,?????????????,77
2431,False,13,True,8,False,?????????????,93
2431,False,14,False,10,False,?????????????,78
2431,False,14,True,8,False,?????????????,93
2431,False,15,False,10,False,?????????????,87
2431,False,15,True,9,False,?????????????,101
2431,False,16,False,9,False,?????????????,85
2431,False,16,True,9,False,?????????????,101
2431,False,17,False,9,False,?????????????,85
2431,False,17,True,10,False,?????????????,103
2431,False,18,False,8,False,?????????????,77
2431,False,18,True,10,False,?????????????,95
2431,False,19,False,8,False,?????????????,77
2431,False,19,True,10,False,?????????????,94
2431,False,20,False,8,False,?????????????,81
2431,False,20,True,10,False,?????????????,100
2431,False,21,False,8,False,?????????????,78
2431,False,21,True,10,False,?????????????,96
2431,False,22,False,8,False,?????????????,77
2431,False,22,True,10,False,?????????????,78
2431,False,23,False,8,False,?????????????,78
2431,False,23,True,10,False,?????????????,76
2431,False,24,False,9,False,?????????????,102
2431,False,24,True,10,False,?????????????,88
2431,False,25,False,9,False,?????????????,84
2431,False,25,True,9,False,?????????????,72
2431,False,26,False,10,False,?????????????,92
2431,False,26,True,9,False,?????????????,72
2431,False,27,False,10,False,?????????????,88
2431,False,27,True,9,False,?????????????,72
2431,True,1,False,9,False,?/????/??????,101
2431,True,1,True,4,False,?????????????,59
2431,True,2,False,10,False,?/????/??????,113
2431,True,2,True,4,False,?????????????,59
2431,True,3,False,10,False,?/????/??????,112
2431,True,3,True,4,False,?????????????,59
2431,True,4,False,9,False,??????/??????,111
2431,True,4,True,4,False,?????????????,59
2431,True,5,False,9,False,??????/??????,111
2431,True,5,True,5,False,?????????????,61
2431,True,6,False,8,False,??????/??????,80
2431,True,6,True,5,False,?????????????,40
2431,True,7,False,8,False,??????/??????,80
2431,True,7,True,5,False,?????????????,41
2431,True,8,False,8,False,??????/??????,81
2431,True,8,True,5,False,?????????????,41
2431,True,9,False,8,False,??????/??????,102
2431,True,9,True,6,False,?????????????,57
2431,True,10,False,7,False,??????/??????,96
2431,True,10,True,6,False,?????????????,57
2431,True,11,False,7,False,??????/??????,96
2431,True,11,True,7,False,?????????????,60
2431,True,12,False,7,False,??????/??????,96
2431,True,12,True,7,False,?????????????,60
2431,True,13,False,7,False,??????/??????,96
2431,True,13,True,7,False,?????????????,60
2431,True,14,False,6,False,?????????????,95
2431,True,14,True,7,False,?????????????,60
2431,True,15,False,6,False,?????????????,95
2431,True,15,True,8,False,?????????????,64
2431,True,16,False,6,False,?????????????,95
2431,True,16,True,8,False,?????????????,64
2431,True,17,False,6,False,?????????????,95
2431,True,17,True,8,False,?????????????,64
2431,True,18,False,5,False,?????????????,91
2431,True,18,True,8,False,?????????????,64
2431,True,19,False,5,False,?????????????,91
2431,True,19,True,9,False,????????A????,65
2431,True,20,False,5,False,?????????????,91
2431,True,20,True,9,False,????????A????,65
2431,True,21,False,5,False,?????????????,91
2431,True,21,True,9,False,????????A????,65
2431,True,22,False,4,False,?????????????,59
2431,True,22,True,9,False,????????A????,47
2431,True,23,False,4,False,?????????????,59
2431,True,23,True,9,False,????????A????,49
2431,True,24,False,4,False,?????????????,67
2431,True,24,True,9,False,????????A????,73
2431,True,25,False,4,False,?????????????,49
2431,True,25,True,9,False,????????A????,57
2431,True,26,False,4,False,?????????????,56
2431,True,26,True,9,False,????????A????,68
2431,True,27,False,4,False,?????????????,49
2431,True,27,True,9,False,????????A????,69
3124,False,1,False,9,False,?p???????????,137
3124,False,1,True,6,False,?????????????,78
3124,False,2,False,10,False,?p???????????,149
3124,False,2,True,6,False,?????????????,78
3124,False,3,False,10,False,?p???????????,149
3124,False,3,True,6,False,?????????????,78
3124,False,4,False,9,False,?????????????,148
3124,False,4,True,6,False,?????????????,78
3124,False,5,False,9,False,?????????????,148
3124,False,5,True,7,False,?????????????,80
3124,False,6,False,8,False,?????????????,100
3124,False,6,True,7,False,?????????????,66
3124,False,7,False,8,False,?????????????,100
3124,False,7,True,7,False,?????????????,70
3124,False,8,False,8,False,?????????????,99
3124,False,8,True,7,False,?????????????,70
3124,False,9,False,8,False,?????????????,113
3124,False,9,True,8,False,?????????????,94
3124,False,10,False,7,False,?????????????,109
3124,False,10,True,8,False,????Q????????,91
3124,False,11,False,7,False,?????????????,109
3124,False,11,True,8,False,?????????????,92
3124,False,12,False,7,False,?????????????,105
3124,False,12,True,8,False,?????????????,92
3124,False,13,False,7,False,?????????????,103
3124,False,13,True,9,False,?????????????,96
3124,False,14,False,6,False,?????????????,101
3124,False,14,True,9,False,?????????????,96
3124,False,15,False,6,False,?????????????,101
3124,False,15,True,10,False,?????????????,104
3124,False,16,False,6,False,?????????????,101
3124,False,16,True,10,False,?????????????,104
3124,False,17,False,6,False,?????????????,101
3124,False,17,True,10,False,?????????????,104
3124,False,18,False,6,False,?????????????,101
3124,False,18,True,10,False,?????????????,98
3124,False,19,False,6,False,?????????????,101
3124,False,19,True,9,False,?????????????,96
3124,False,20,False,7,False,?????????????,105
3124,False,20,True,9,False,?????????????,96
3124,False,21,False,7,False,?????????????,103
3124,False,21,True,9,False,?????????????,96
3124,False,22,False,6,False,?????????????,56
3124,False,22,True,9,False,?????????????,72
3124,False,23,False,6,False,?????????????,56
3124,False,23,True,9,False,?????????????,76
3124,False,24,False,6,False,?????????????,72
3124,False,24,True,9,False,?????????????,111
3124,False,25,False,6,False,?????????????,48
3124,False,25,True,9,False,?????????????,79
3124,False,26,False,6,False,?????????????,64
3124,False,26,True,9,False,?????????????,97
3124,False,27,False,6,False,?????????????,52
3124,False,27,True,9,False,?????????????,89
3124,True,1,False,5,False,??????/??????,16
3124,True,1,True,7,False,?????????????,67
3124,True,2,False,6,False,??????/??????,28
3124,True,2,True,7,False,?????????????,95
3124,True,3,False,6,False,??????/??????,27
3124,True,3,True,6,False,?????????????,63
3124,True,4,False,7,False,??????/??????,29
3124,True,4,True,6,False,?????????????,63
3124,True,5,False,7,False,??????/??????,31
3124,True,5,True,6,False,?????????????,63
3124,True,6,False,7,False,??????/??????,31
3124,True,6,True,6,False,?????????????,35
3124,True,7,False,7,False,??????/??????,31
3124,True,7,True,5,False,?????????????,32
3124,True,8,False,7,False,??????/??????,32
3124,True,8,True,5,False,?????????????,32
3124,True,9,False,7,False,??????/??????,60
3124,True,9,True,6,False,?????????????,56
3124,True,10,False,7,False,??????/??????,60
3124,True,10,True,6,False,?????????????,56
3124,True,11,False,7,False,??????/??????,60
3124,True,11,True,6,False,?????????????,56
3124,True,12,False,7,False,??????/??????,60
3124,True,12,True,6,False,?????????????,56
3124,True,13,False,7,False,??????/??????,60
3124,True,13,True,5,False,?????????????,52
3124,True,14,False,7,False,??????o??????,60
3124,True,14,True,5,False,?????????????,52
3124,True,15,False,7,False,?????????????,67
3124,True,15,True,6,False,?????????????,56
3124,True,16,False,6,False,?????????????,65
3124,True,16,True,6,False,???????O?????,55
3124,True,17,False,6,False,?????????????,65
3124,True,17,True,6,False,?????????????,56
3124,True,18,False,6,False,?????????????,61
3124,True,18,True,6,False,?????????????,50
3124,True,19,False,6,False,?????????????,61
3124,True,19,True,6,False,?????????????,50
3124,True,20,False,6,False,?????????????,63
3124,True,20,True,6,False,?????????????,56
3124,True,21,False,6,False,?????????????,61
3124,True,21,True,6,False,?????????????,52
3124,True,22,False,7,False,?????????????,77
3124,True,22,True,6,False,?????????????,40
3124,True,23,False,7,False,?????????????,77
3124,True,23,True,5,False,?????????????,36
3124,True,24,False,8,False,?????????????,93
3124,True,24,True,5,False,?????????????,36
3124,True,25,False,8,False,?????????????,81
3124,True,25,True,5,False,?????????????,36
3124,True,26,False,8,False,?????????????,81
3124,True,26,True,5,False,?????????????,36
3124,True,27,False,8,False,?????????????,81
3124,True,27,True,5,False,?????????????,36
3142,False,1,False,10,False,?p???????????,140
3142,False,1,True,8,False,?????????????,90
3142,False,2,False,10,False,?p???????????,150
3142,False,2,True,8,False,?????????????,90
3142,False,3,False,10,False,?p???????????,150
3142,False,3,True,9,False,?????????????,106
3142,False,4,False,9,False,?????????????,149
3142,False,4,True,9,False,?????????????,106
3142,False,5,False,9,False,?????????????,149
3142,False,5,True,10,False,?????????????,108
3142,False,6,False,8,False,?????????????,101
3142,False,6,True,10,False,?????????????,94
3142,False,7,False,8,False,?????????????,101
3142,False,7,True,10,False,?????????????,98
3142,False,8,False,8,False,?????????????,99
3142,False,8,True,10,False,?????????????,98
3142,False,9,False,8,False,?????????????,113
3142,False,9,True,10,False,?????????????,122
3142,False,10,False,8,False,?????????????,111
3142,False,10,True,10,False,?????????????,116
3142,False,11,False,8,False,?????????????,113
3142,False,11,True,10,False,?????????????,116
3142,False,12,False,8,False,?????????????,113
3142,False,12,True,10,False,?????????????,116
3142,False,13,False,8,False,?????????????,109
3142,False,13,True,10,False,?????????????,118
3142,False,14,False,8,False,?????? ??????,108
3142,False,14,True,10,False,?????????????,118
3142,False,15,False,8,False,?????????????,111
3142,False,15,True,11,False,?????????????,126
3142,False,16,False,8,False,?????????????,111
3142,False,16,True,11,False,?????????????,126
3142,False,17,False,8,False,?????????????,111
3142,False,17,True,11,False,?????????????,126
3142,False,18,False,8,False,?????????????,111
3142,False,18,True,11,False,?????????????,120
3142,False,19,False,8,False,?????????????,111
3142,False,19,True,10,False,?????????????,118
3142,False,20,False,9,False,?????????????,115
3142,False,20,True,10,False,?????????????,118
3142,False,21,False,9,False,?????????????,113
3142,False,21,True,10,False,?????????????,118
3142,False,22,False,8,False,?????????????,66
3142,False,22,True,10,False,?????????????,94
3142,False,23,False,8,False,?????????????,66
3142,False,23,True,10,False,?????????????,98
3142,False,24,False,8,False,?????????????,82
3142,False,24,True,10,False,?????????????,133
3142,False,25,False,8,False,?????????????,58
3142,False,25,True,10,False,?????????????,101
3142,False,26,False,8,False,?????????????,74
3142,False,26,True,10,False,?????????????,113
3142,False,27,False,8,False,?????????????,62
3142,False,27,True,10,False,?????????????,113
3142,True,1,False,5,False,???????T?????,15
3142,True,1,True,7,False,?????????7???,60
3142,True,2,False,6,False,???????T?????,27
3142,True,2,True,7,False,?????????7???,74
3142,True,3,False,6,False,???????T?????,26
3142,True,3,True,6,False,?????????7???,58
3142,True,4,False,7,False,???????T?????,27
3142,True,4,True,6,False,?????????7???,58
3142,True,5,False,7,False,???????T?????,28
3142,True,5,True,6,False,?????????7???,58
3142,True,6,False,7,False,???????T?????,28
3142,True,6,True,6,False,?????????7???,30
3142,True,7,False,7,False,???????T?????,28
3142,True,7,True,5,False,?????????7???,27
3142,True,8,False,7,False,???????T?????,30
3142,True,8,True,5,False,?????????7???,27
3142,True,9,False,7,False,???????T?????,58
3142,True,9,True,6,False,?????????7???,43
3142,True,10,False,6,False,???????T?????,56
3142,True,10,True,6,False,?????????7???,43
3142,True,11,False,6,False,???????T?????,56
3142,True,11,True,7,False,????-????7???,44
3142,True,12,False,6,False,???????T?????,56
3142,True,12,True,7,False,????-????7???,44
3142,True,13,False,6,False,???????T?????,56
3142,True,13,True,6,False,????-????7???,40
3142,True,14,False,7,False,??????_T?????,57
3142,True,14,True,6,False,????-????7???,40
3142,True,15,False,7,False,???????T?????,64
3142,True,15,True,6,False,????-????7???,40
3142,True,16,False,6,False,?????????????,63
3142,True,16,True,6,False,????-??O?7???,39
3142,True,17,False,6,False,?????????????,63
3142,True,17,True,6,False,????-??_?7???,39
3142,True,18,False,6,False,?????????????,59
3142,True,18,True,6,False,????-??_47???,36
3142,True,19,False,6,False,?????????????,59
3142,True,19,True,6,False,????-??_?7???,37
3142,True,20,False,6,False,?????????????,59
3142,True,20,True,6,False,????-??_?????,40
3142,True,21,False,6,False,?????????7???,58
3142,True,21,True,6,False,????-??_?????,40
3142,True,22,False,7,False,?????????7???,66
3142,True,22,True,6,False,????-??_?????,28
3142,True,23,False,7,False,?????????7???,66
3142,True,23,True,5,False,????-??_?????,24
3142,True,24,False,8,False,?????????7???,82
3142,True,24,True,5,False,????-??_?????,24
3142,True,25,False,8,False,?????????7???,70
3142,True,25,True,5,False,????-??_?????,24
3142,True,26,False,8,False,?????????7???,70
3142,True,26,True,5,False,????-??_?????,24
3142,True,27,False,8,False,?????????7???,70
3142,True,27,True,5,False,????-??_?????,24
3214,False,1,False,9,False,?p???????????,137
3214,False,1,True,6,False,?????????????,78
3214,False,2,False,10,False,?p???????????,149
3214,False,2,True,6,False,?????????????,78
3214,False,3,False,10,False,?p???????????,149
3214,False,3,True,6,False,?????????????,78
3214,False,4,False,9,False,?????????????,148
3214,False,4,True,6,False,?????????????,78
3214,False,5,False,9,False,?????????????,148
3214,False,5,True,7,False,?????????????,80
3214,False,6,False,8,False,?????????????,100
3214,False,6,True,7,False,?????????????,66
3214,False,7,False,8,False,?????????????,100
3214,False,7,True,7,False,?????????????,70
3214,False,8,False,8,False,?????????????,99
3214,False,8,True,7,False,?????????????,70
3214,False,9,False,8,False,?????????????,113
3214,False,9,True,8,False,?????????????,94
3214,False,10,False,7,False,?????????????,109
3214,False,10,True,8,False,????1????????,91
3214,False,11,False,7,False,?????????????,109
3214,False,11,True,8,False,?????????????,92
3214,False,12,False,7,False,?????????????,105
3214,False,12,True,8,False,?????????????,92
3214,False,13,False,7,False,?????????????,103
3214,False,13,True,9,False,?????????????,96
3214,False,14,False,6,False,?????????????,101
3214,False,14,True,9,False,?????????????,96
3214,False,15,False,6,False,?????????????,101
3214,False,15,True,10,False,?????????????,104
3214,False,16,False,6,False,?????????????,101
3214,False,16,True,10,False,?????????????,104
3214,False,17,False,6,False,?????????????,101
3214,False,17,True,10,False,?????????????,104
3214,False,18,False,6,False,?????????????,101
3214,False,18,True,10,False,?????????????,98
3214,False,19,False,6,False,?????????????,101
3214,False,19,True,9,False,?????????????,96
3214,False,20,False,7,False,?????????????,105
3214,False,20,True,9,False,?????????????,96
3214,False,21,False,7,False,?????????????,103
3214,False,21,True,9,False,?????????????,96
3214,False,22,False,6,False,?????????????,56
3214,False,22,True,9,False,?????????????,72
3214,False,23,False,6,False,?????????????,56
3214,False,23,True,9,False,?????????????,76
3214,False,24,False,6,False,?????????????,72
3214,False,24,True,9,False,?????????????,111
3214,False,25,False,6,False,?????????????,48
3214,False,25,True,9,False,?????????????,79
3214,False,26,False,6,False,?????????????,64
3214,False,26,True,9,False,?????????????,97
3214,False,27,False,6,False,?????????????,52
3214,False,27,True,9,False,?????????????,89
3214,True,1,False,5,False,??????O??????,16
3214,True,1,True,7,False,?????????????,67
3214,True,2,False,6,False,??????O??????,28
3214,True,2,True,7,False,?????????????,95
3214,True,3,False,6,False,??????O??????,27
3214,True,3,True,6,False,?????????????,63
3214,True,4,False,7,False,??????O??????,29
3214,True,4,True,6,False,?????????????,63
3214,True,5,False,7,False,??????O??????,31
3214,True,5,True,6,False,?????????????,63
3214,True,6,False,7,False,??????O??????,31
3214,True,6,True,6,False,?????????????,35
3214,True,7,False,7,False,??????O??????,31
3214,True,7,True,5,False,?????????????,32
3214,True,8,False,7,False,??????O??????,32
3214,True,8,True,5,False,?????????????,32
3214,True,9,False,7,False,??????O??????,60
3214,True,9,True,6,False,?????????????,56
3214,True,10,False,7,False,??????O??????,60
3214,True,10,True,6,False,?????????????,56
3214,True,11,False,7,False,??????O??????,60
3214,True,11,True,6,False,?????????????,56
3214,True,12,False,7,False,??????O??????,60
3214,True,12,True,6,False,?????????????,56
3214,True,13,False,7,False,??????O??????,60
3214,True,13,True,5,False,?????????????,52
3214,True,14,False,7,False,??????o??????,60
3214,True,14,True,5,False,?????????????,52
3214,True,15,False,7,False,?????????????,67
3214,True,15,True,6,False,?????????????,56
3214,True,16,False,6,False,?????????????,65
3214,True,16,True,6,False,???????/?????,55
3214,True,17,False,6,False,?????????????,65
3214,True,17,True,6,False,?????????????,56
3214,True,18,False,6,False,?????????????,61
3214,True,18,True,6,False,?????????????,50
3214,True,19,False,6,False,?????????????,61
3214,True,19,True,6,False,?????????????,50
3214,True,20,False,6,False,?????????????,63
3214,True,20,True,6,False,?????????????,56
3214,True,21,False,6,False,?????????????,61
3214,True,21,True,6,False,?????????????,52
3214,True,22,False,7,False,?????????????,77
3214,True,22,True,6,False,?????????????,40
3214,True,23,False,7,False,?????????????,77
3214,True,23,True,5,False,?????????????,36
3214,True,24,False,8,False,?????????????,93
3214,True,24,True,5,False,?????????????,36
3214,True,25,False,8,False,?????????????,81
3214,True,25,True,5,False,?????????????,36
3214,True,26,False,8,False,?????????????,81
3214,True,26,True,5,False,?????????????,36
3214,True,27,False,8,False,?????????????,81
3214,True,27,True,5,False,?????????????,36
3241,False,1,False,10,False,?p???????????,136
3241,False,1,True,8,False,?????????????,86
3241,False,2,False,10,False,?p???????????,146
3241,False,2,True,8,False,?????????????,86
3241,False,3,False,10,False,?p???????????,146
3241,False,3,True,9,False,?????????????,102
3241,False,4,False,9,False,?????????????,145
3241,False,4,True,9,False,?????????????,102
3241,False,5,False,9,False,?????????????,145
3241,False,5,True,10,False,?????????????,104
3241,False,6,False,8,False,?????????????,97
3241,False,6,True,10,False,?????????????,83
3241,False,7,False,8,False,?????????????,97
3241,False,7,True,10,False,?????????????,86
3241,False,8,False,8,False,?????????????,96
3241,False,8,True,10,False,?????????????,86
3241,False,9,False,8,False,?????????????,117
3241,False,9,True,10,False,?????????????,110
3241,False,10,False,8,False,?????????????,115
3241,False,10,True,10,False,?????????????,104
3241,False,11,False,8,False,?????????????,117
3241,False,11,True,10,False,?????????????,104
3241,False,12,False,8,False,?????????????,121
3241,False,12,True,10,False,?????????????,104
3241,False,13,False,8,False,?????????????,117
3241,False,13,True,10,False,?????????????,104
3241,False,14,False,8,False,?????? ??????,116
3241,False,14,True,10,False,?????????????,104
3241,False,15,False,8,False,?????????????,119
3241,False,15,True,11,False,?????????????,112
3241,False,16,False,8,False,?????????????,119
3241,False,16,True,11,False,?????????????,112
3241,False,17,False,8,False,?????????????,119
3241,False,17,True,11,False,?????????????,112
3241,False,18,False,8,False,?????????????,119
3241,False,18,True,11,False,????????>????,109
3241,False,19,False,8,False,?????????????,119
3241,False,19,True,10,False,?????????????,108
3241,False,20,False,9,False,?????????????,121
3241,False,20,True,10,False,?????????????,108
3241,False,21,False,9,False,?????????8???,120
3241,False,21,True,10,False,?????????????,108
3241,False,22,False,8,False,?????????8???,73
3241,False,22,True,10,False,?????????????,90
3241,False,23,False,8,False,?????????8???,73
3241,False,23,True,10,False,?????????????,96
3241,False,24,False,8,False,?????????8???,81
3241,False,24,True,10,False,?????????????,131
3241,False,25,False,8,False,?????????8???,63
3241,False,25,True,10,False,?????????????,99
3241,False,26,False,8,False,?????????8???,79
3241,False,26,True,10,False,?????????????,111
3241,False,27,False,8,False,?????????8???,67
3241,False,27,True,10,False,?????????????,111
3241,True,1,False,6,False,??????O??????,21
3241,True,1,True,6,False,?????????????,65
3241,True,2,False,7,False,??????O??????,33
3241,True,2,True,6,False,?????????????,93
3241,True,3,False,7,False,??????O??????,32
3241,True,3,True,5,False,?????????????,61
3241,True,4,False,8,False,??????O??????,34
3241,True,4,True,5,False,?????????????,61
3241,True,5,False,8,False,??????O??????,36
3241,True,5,True,5,False,?????????????,61
3241,True,6,False,8,False,??????O??????,36
3241,True,6,True,5,False,?????????????,40
3241,True,7,False,8,False,??????O??????,36
3241,True,7,True,4,False,?????????????,38
3241,True,8,False,8,False,??????O??????,37
3241,True,8,True,4,False,?????????????,38
3241,True,9,False,8,False,??????O??????,58
3241,True,9,True,5,False,?????????????,54
3241,True,10,False,7,False,??????O??????,56
3241,True,10,True,5,False,?????????????,54
3241,True,11,False,7,False,??????O??????,56
3241,True,11,True,6,False,????-????????,55
3241,True,12,False,7,False,??????O??????,56
3241,True,12,True,6,False,????-????????,55
3241,True,13,False,7,False,??????O??????,56
3241,True,13,True,5,False,????-????????,51
3241,True,14,False,7,False,??????_??????,56
3241,True,14,True,5,False,????-????????,51
3241,True,15,False,7,False,?????????????,63
3241,True,15,True,6,False,????-????????,55
3241,True,16,False,6,False,?????????????,61
3241,True,16,True,6,False,????-????????,55
3241,True,17,False,6,False,?????????????,61
3241,True,17,True,7,False,????-????????,57
3241,True,18,False,5,False,?????????????,49
3241,True,18,True,7,False,????-????????,51
3241,True,19,False,5,False,?????????????,49
3241,True,19,True,7,False,????-????????,52
3241,True,20,False,5,False,?????????????,51
3241,True,20,True,7,False,????-????????,58
3241,True,21,False,5,False,?????????????,49
3241,True,21,True,7,False,????-????????,54
3241,True,22,False,6,False,?????????????,65
3241,True,22,True,7,False,????-????????,36
3241,True,23,False,6,False,?????????????,65
3241,True,23,True,6,False,????-????????,30
3241,True,24,False,7,False,?????????????,89
3241,True,24,True,6,False,????-????????,30
3241,True,25,False,7,False,?????????????,71
3241,True,25,True,6,False,????-????????,30
3241,True,26,False,7,False,?????????????,71
3241,True,26,True,6,False,????-????????,30
3241,True,27,False,7,False,?????????????,71
3241,True,27,True,6,False,????-????????,30
3412,False,1,False,10,False,?p???????????,140
3412,False,1,True,8,False,?????????????,90
3412,False,2,False,10,False,?p???????????,150
3412,False,2,True,8,False,?????????????,90
3412,False,3,False,10,False,?p???????????,150
3412,False,3,True,9,False,?????????????,106
3412,False,4,False,9,False,?????????????,149
3412,False,4,True,9,False,?????????????,106
3412,False,5,False,9,False,?????????????,149
3412,False,5,True,10,False,?????????????,108
3412,False,6,False,8,False,?????????????,101
3412,False,6,True,10,False,?????????????,94
3412,False,7,False,8,False,?????????????,101
3412,False,7,True,10,False,?????????????,98
3412,False,8,False,8,False,?????????????,99
3412,False,8,True,10,False,?????????????,98
3412,False,9,False,8,False,?????????????,113
3412,False,9,True,10,False,?????????????,122
3412,False,10,False,8,False,?????????????,111
3412,False,10,True,10,False,?????????????,116
3412,False,11,False,8,False,?????????????,113
3412,False,11,True,10,False,?????????????,116
3412,False,12,False,8,False,?????????????,113
3412,False,12,True,10,False,?????????????,116
3412,False,13,False,8,False,?????????????,109
3412,False,13,True,10,False,?????????????,118
3412,False,14,False,8,False,??????@??????,108
3412,False,14,True,10,False,?????????????,118
3412,False,15,False,8,False,?????????????,111
3412,False,15,True,11,False,?????????????,126
3412,False,16,False,8,False,?????????????,111
3412,False,16,True,11,False,?????????????,126
3412,False,17,False,8,False,?????????????,111
3412,False,17,True,11,False,?????????????,126
3412,False,18,False,8,False,?????????????,111
3412,False,18,True,11,False,?????????????,120
3412,False,19,False,8,False,?????????????,111
3412,False,19,True,10,False,?????????????,118
3412,False,20,False,9,False,?????????????,115
3412,False,20,True,10,False,?????????????,118
3412,False,21,False,9,False,?????????????,113
3412,False,21,True,10,False,?????????????,118
3412,False,22,False,8,False,?????????????,66
3412,False,22,True,10,False,?????????????,94
3412,False,23,False,8,False,?????????????,66
3412,False,23,True,10,False,?????????????,98
3412,False,24,False,8,False,?????????????,82
3412,False,24,True,10,False,?????????????,133
3412,False,25,False,8,False,?????????????,58
3412,False,25,True,10,False,?????????????,101
3412,False,26,False,8,False,?????????????,74
3412,False,26,True,10,False,?????????????,113
3412,False,27,False,8,False,?????????????,62
3412,False,27,True,10,False,?????????????,113
3412,True,1,False,5,False,???????2?????,15
3412,True,1,True,7,False,?????????W???,60
3412,True,2,False,6,False,???????2?????,27
3412,True,2,True,7,False,?????????W???,74
3412,True,3,False,6,False,???????2?????,26
3412,True,3,True,6,False,?????????W???,58
3412,True,4,False,7,False,?_?????2?????,27
3412,True,4,True,6,False,?????????W???,58
3412,True,5,False,7,False,???????2?????,28
3412,True,5,True,6,False,?????????W???,58
3412,True,6,False,7,False,???????2?????,28
3412,True,6,True,6,False,?????????W???,30
3412,True,7,False,7,False,???????2?????,28
3412,True,7,True,5,False,?????????W???,27
3412,True,8,False,7,False,???????2?????,30
3412,True,8,True,5,False,?????????W???,27
3412,True,9,False,7,False,???????2?????,58
3412,True,9,True,6,False,?????????W???,43
3412,True,10,False,6,False,???????2?????,56
3412,True,10,True,6,False,?????????W???,43
3412,True,11,False,6,False,???????2?????,56
3412,True,11,True,7,False,????K????W???,44
3412,True,12,False,6,False,???????2?????,56
3412,True,12,True,7,False,????K????W???,44
3412,True,13,False,6,False,???????2?????,56
3412,True,13,True,6,False,????K????W???,40
3412,True,14,False,7,False,???????2?????,57
3412,True,14,True,6,False,????K????W???,40
3412,True,15,False,7,False,???????2?????,64
3412,True,15,True,6,False,????K????W???,40
3412,True,16,False,6,False,?????????????,63
3412,True,16,True,6,False,????K??/?W???,39
3412,True,17,False,6,False,?????????????,63
3412,True,17,True,6,False,????K????W???,39
3412,True,18,False,6,False,?????????????,59
3412,True,18,True,6,False,????K???RW???,36
3412,True,19,False,6,False,?????????????,59
3412,True,19,True,6,False,????K????W???,37
3412,True,20,False,6,False,?????????????,59
3412,True,20,True,6,False,????K????????,40
3412,True,21,False,6,False,?????????W???,58
3412,True,21,True,6,False,????K????????,40
3412,True,22,False,7,False,?????????W???,66
3412,True,22,True,6,False,????K????????,28
3412,True,23,False,7,False,?????????W???,66
3412,True,23,True,5,False,????K????????,24
3412,True,24,False,8,False,?????????W???,82
3412,True,24,True,5,False,????K????????,24
3412,True,25,False,8,False,?????????W???,70
3412,True,25,True,5,False,????K????????,24
3412,True,26,False,8,False,?????????W???,70
3412,True,26,True,5,False,????K????????,24
3412,True,27,False,8,False,?????????W???,70
3412,True,27,True,5,False,????K????????,24
3421,False,1,False,10,False,?p???????????,136
3421,False,1,True,8,False,?????????????,86
3421,False,2,False,10,False,?p???????????,146
3421,False,2,True,8,False,?????????????,86
3421,False,3,False,10,False,?p???????????,146
3421,False,3,True,9,False,?????????????,102
3421,False,4,False,9,False,?????????????,145
3421,False,4,True,9,False,?????????????,102
3421,False,5,False,9,False,?????????????,145
3421,False,5,True,10,False,?????????????,104
3421,False,6,False,8,False,?????????????,97
3421,False,6,True,10,False,?????????????,83
3421,False,7,False,8,False,?????????????,97
3421,False,7,True,10,False,?????????????,86
3421,False,8,False,8,False,?????????????,96
3421,False,8,True,10,False,?????????????,86
3421,False,9,False,8,False,?????????????,117
3421,False,9,True,10,False,?????????????,110
3421,False,10,False,8,False,?????????????,115
3421,False,10,True,10,False,?????????????,104
3421,False,11,False,8,False,?????????????,117
3421,False,11,True,10,False,?????????????,104
3421,False,12,False,8,False,?????????????,121
3421,False,12,True,10,False,?????????????,104
3421,False,13,False,8,False,?????????????,117
3421,False,13,True,10,False,?????????????,104
3421,False,14,False,8,False,??????@??????,116
3421,False,14,True,10,False,?????????????,104
3421,False,15,False,8,False,?????????????,119
3421,False,15,True,11,False,?????????????,112
3421,False,16,False,8,False,?????????????,119
3421,False,16,True,11,False,?????????????,112
3421,False,17,False,8,False,?????????????,119
3421,False,17,True,11,False,?????????????,112
3421,False,18,False,8,False,?????????????,119
3421,False,18,True,11,False,????????^????,109
3421,False,19,False,8,False,?????????????,119
3421,False,19,True,10,False,?????????????,108
3421,False,20,False,9,False,?????????????,121
3421,False,20,True,10,False,?????????????,108
3421,False,21,False,9,False,?????????X???,120
3421,False,21,True,10,False,?????????????,108
3421,False,22,False,8,False,?????????X???,73
3421,False,22,True,10,False,?????????????,90
3421,False,23,False,8,False,?????????X???,73
3421,False,23,True,10,False,?????????????,96
3421,False,24,False,8,False,?????????X???,81
3421,False,24,True,10,False,?????????????,131
3421,False,25,False,8,False,?????????X???,63
3421,False,25,True,10,False,?????????????,99
3421,False,26,False,8,False,?????????X???,79
3421,False,26,True,10,False,?????????????,111
3421,False,27,False,8,False,?????????X???,67
3421,False,27,True,10,False,?????????????,111
3421,True,1,False,6,False,??????/??????,21
3421,True,1,True,6,False,?????????????,65
3421,True,2,False,7,False,??????/??????,33
3421,True,2,True,6,False,?????????????,93
3421,True,3,False,7,False,??????/??????,32
3421,True,3,True,5,False,?????????????,61
3421,True,4,False,8,False,??????/??????,34
3421,True,4,True,5,False,?????????????,61
3421,True,5,False,8,False,??????/??????,36
3421,True,5,True,5,False,?????????????,61
3421,True,6,False,8,False,??????/??????,36
3421,True,6,True,5,False,?????????????,40
3421,True,7,False,8,False,??????/??????,36
3421,True,7,True,4,False,?????????????,38
3421,True,8,False,8,False,??????/??????,37
3421,True,8,True,4,False,?????????????,38
3421,True,9,False,8,False,??????/??????,58
3421,True,9,True,5,False,?????????????,54
3421,True,10,False,7,False,??????/??????,56
3421,True,10,True,5,False,?????????????,54
3421,True,11,False,7,False,??????/??????,56
3421,True,11,True,6,False,????K????????,55
3421,True,12,False,7,False,??????/??????,56
3421,True,12,True,6,False,????K????????,55
3421,True,13,False,7,False,??????/??????,56
3421,True,13,True,5,False,????K????????,51
3421,True,14,False,7,False,?????????????,56
3421,True,14,True,5,False,????K????????,51
3421,True,15,False,7,False,?????????????,63
3421,True,15,True,6,False,????K????????,55
3421,True,16,False,6,False,?????????????,61
3421,True,16,True,6,False,????K????????,55
3421,True,17,False,6,False,?????????????,61
3421,True,17,True,7,False,????K????????,57
3421,True,18,False,5,False,?????????????,49
3421,True,18,True,7,False,????K????????,51
3421,True,19,False,5,False,?????????????,49
3421,True,19,True,7,False,????K????????,52
3421,True,20,False,5,False,?????????????,51
3421,True,20,True,7,False,????K????????,58
3421,True,21,False,5,False,?????????????,49
3421,True,21,True,7,False,????K????????,54
3421,True,22,False,6,False,?????????????,65
3421,True,22,True,7,False,????K????????,36
3421,True,23,False,6,False,?????????????,65
3421,True,23,True,6,False,????K????????,30
3421,True,24,False,7,False,?????????????,89
3421,True,24,True,6,False,????K????????,30
3421,True,25,False,7,False,?????????????,71
3421,True,25,True,6,False,????K????????,30
3421,True,26,False,7,False,?????????????,71
3421,True,26,True,6,False,????K????????,30
3421,True,27,False,7,False,?????????????,71
3421,True,27,True,6,False,????K????????,30
4123,False,1,False,7,False,?????????????,76
4123,False,1,True,7,False,?????????Q???,71
4123,False,2,False,8,False,?????????????,88
4123,False,2,True,7,False,?????????Q???,85
4123,False,3,False,8,False,?????????????,88
4123,False,3,True,6,False,?????????Q???,69
4123,False,4,False,9,False,?P???????????,89
4123,False,4,True,6,False,?????????Q???,69
4123,False,5,False,9,False,?????????????,90
4123,False,5,True,6,False,?????????Q???,69
4123,False,6,False,8,False,?????????????,66
4123,False,6,True,6,False,?????????Q???,55
4123,False,7,False,8,False,?????????????,66
4123,False,7,True,6,False,?????????Q???,56
4123,False,8,False,9,False,?????????????,68
4123,False,8,True,6,False,?????????Q???,56
4123,False,9,False,9,False,?????????????,82
4123,False,9,True,6,False,?????????Q???,56
4123,False,10,False,8,False,?????????????,78
4123,False,10,True,6,False,?????????Q???,56
4123,False,11,False,8,False,?????????????,78
4123,False,11,True,7,False,?????????Q???,58
4123,False,12,False,7,False,?????????????,74
4123,False,12,True,7,False,?????????Q???,58
4123,False,13,False,7,False,?????????????,74
4123,False,13,True,8,False,?????????Q???,60
4123,False,14,False,7,False,?????????????,74
4123,False,14,True,8,False,?????????Q???,60
4123,False,15,False,7,False,?????????????,74
4123,False,15,True,8,False,?????????Q???,60
4123,False,16,False,7,False,?????????????,74
4123,False,16,True,8,False,?????????Q???,60
4123,False,17,False,7,False,?????????????,74
4123,False,17,True,8,False,?????????Q???,60
4123,False,18,False,6,False,?????????????,66
4123,False,18,True,8,False,?????????Q???,54
4123,False,19,False,6,False,?????????????,66
4123,False,19,True,8,False,?????????Q???,54
4123,False,20,False,7,False,?????????????,70
4123,False,20,True,8,False,?????????????,57
4123,False,21,False,7,False,?????????????,68
4123,False,21,True,7,False,?????????????,53
4123,False,22,False,7,False,?????????????,52
4123,False,22,True,7,False,?????????????,29
4123,False,23,False,7,False,?????????????,52
4123,False,23,True,7,False,?????????????,27
4123,False,24,False,7,False,?????????????,76
4123,False,24,True,7,False,?????????????,45
4123,False,25,False,7,False,?????????????,52
4123,False,25,True,7,False,?????????????,29
4123,False,26,False,7,False,?????????????,60
4123,False,26,True,7,False,?????????????,47
4123,False,27,False,7,False,?????????????,54
4123,False,27,True,7,False,?????????????,31
4123,True,1,False,8,False,?????????????,67
4123,True,1,True,10,False,?????????.???,86
4123,True,2,False,8,False,?????????????,77
4123,True,2,True,10,False,?????????.???,100
4123,True,3,False,8,False,?????????????,76
4123,True,3,True,10,False,?????????.???,99
4123,True,4,False,9,False,?/???????????,77
4123,True,4,True,10,False,?????????.???,99
4123,True,5,False,9,False,?????????????,78
4123,True,5,True,10,False,?????????.???,99
4123,True,6,False,8,False,?????????????,55
4123,True,6,True,10,False,?????????.???,71
4123,True,7,False,8,False,?????????????,55
4123,True,7,True,10,False,?????????.???,70
4123,True,8,False,8,False,?????????????,53
4123,True,8,True,10,False,?????????.???,69
4123,True,9,False,8,False,?????????????,81
4123,True,9,True,10,False,?????????.???,109
4123,True,10,False,9,False,?????????????,83
4123,True,10,True,10,False,?????????.???,103
4123,True,11,False,9,False,?????????????,85
4123,True,11,True,9,False,?????????.???,101
4123,True,12,False,9,False,?????????????,88
4123,True,12,True,9,False,?????????.???,101
4123,True,13,False,9,False,?????????????,85
4123,True,13,True,9,False,?????????.???,99
4123,True,14,False,9,False,??????o??????,84
4123,True,14,True,9,False,?????????.???,99
4123,True,15,False,9,False,?????????????,91
4123,True,15,True,10,False,?????????.???,107
4123,True,16,False,8,False,?????????????,89
4123,True,16,True,10,False,???????O?.???,106
4123,True,17,False,8,False,?????????????,89
4123,True,17,True,10,False,?????????.???,107
4123,True,18,False,8,False,?????????????,89
4123,True,18,True,10,False,?????????.???,101
4123,True,19,False,8,False,?????????????,89
4123,True,19,True,10,False,????????$.???,100
4123,True,20,False,9,False,?????????????,93
4123,True,20,True,10,False,????????$????,103
4123,True,21,False,9,False,?????????????,91
4123,True,21,True,9,False,????????$????,99
4123,True,22,False,9,False,?????????????,75
4123,True,22,True,9,False,????????$????,87
4123,True,23,False,9,False,?????????????,75
4123,True,23,True,9,False,????????$????,89
4123,True,24,False,10,False,?????????????,91
4123,True,24,True,9,False,????????$????,107
4123,True,25,False,10,False,?????????????,79
4123,True,25,True,8,False,????????$????,83
4123,True,26,False,11,False,?????????????,90
4123,True,26,True,8,False,????????$????,83
4123,True,27,False,11,False,?????????????,85
4123,True,27,True,8,False,????????$????,83
4132,False,1,False,8,False,?????????????,62
4132,False,1,True,8,False,?????????b???,69
4132,False,2,False,9,False,?????????????,74
4132,False,2,True,8,False,?????????b???,83
4132,False,3,False,9,False,?????????????,74
4132,False,3,True,7,False,?????????b???,67
4132,False,4,False,10,False,?`???????????,75
4132,False,4,True,7,False,?????????b???,67
4132,False,5,False,10,False,?????????????,76
4132,False,5,True,7,False,?????????b???,67
4132,False,6,False,9,False,?????????????,60
4132,False,6,True,7,False,?????????b???,53
4132,False,7,False,9,False,?????????????,60
4132,False,7,True,7,False,?????????b???,53
4132,False,8,False,10,False,?????????????,62
4132,False,8,True,7,False,?????????b???,53
4132,False,9,False,10,False,?????????????,76
4132,False,9,True,7,False,?????????b???,53
4132,False,10,False,9,False,?????????????,72
4132,False,10,True,7,False,?????????b???,53
4132,False,11,False,9,False,?????????????,72
4132,False,11,True,8,False,?????????b???,55
4132,False,12,False,8,False,?????????????,68
4132,False,12,True,8,False,?????????b???,55
4132,False,13,False,8,False,?????????????,68
4132,False,13,True,8,False,?????????b???,55
4132,False,14,False,9,False,?????? ??????,69
4132,False,14,True,8,False,?????????b???,55
4132,False,15,False,9,False,?????????????,72
4132,False,15,True,8,False,?????????b???,55
4132,False,16,False,9,False,?????????????,72
4132,False,16,True,8,False,?????????b???,55
4132,False,17,False,9,False,?????????????,72
4132,False,17,True,8,False,?????????b???,55
4132,False,18,False,8,False,?????????????,64
4132,False,18,True,8,False,?????????b???,49
4132,False,19,False,8,False,?????????????,64
4132,False,19,True,8,False,?????????b???,49
4132,False,20,False,8,False,?????????????,66
4132,False,20,True,8,False,?????????????,52
4132,False,21,False,8,False,?????????????,64
4132,False,21,True,8,False,?????????????,52
4132,False,22,False,8,False,?????????????,56
4132,False,22,True,8,False,?????????????,28
4132,False,23,False,8,False,?????????????,56
4132,False,23,True,8,False,?????????????,24
4132,False,24,False,8,False,?????????????,80
4132,False,24,True,8,False,?????????????,36
4132,False,25,False,8,False,?????????????,56
4132,False,25,True,8,False,?????????????,28
4132,False,26,False,8,False,?????????????,60
4132,False,26,True,8,False,?????????????,40
4132,False,27,False,8,False,?????????????,56
4132,False,27,True,8,False,?????????????,32
4132,True,1,False,11,False,?/?????T?????,93
4132,True,1,True,8,False,?????????????,81
4132,True,2,False,11,False,?/?????T?????,103
4132,True,2,True,8,False,?????????????,81
4132,True,3,False,11,False,?/?????T?????,102
4132,True,3,True,9,False,?????????????,96
4132,True,4,False,10,False,???????T?????,101
4132,True,4,True,9,False,?????????????,96
4132,True,5,False,10,False,???????T?????,101
4132,True,5,True,10,False,?????????????,98
4132,True,6,False,9,False,???????T?????,70
4132,True,6,True,10,False,?????????????,70
4132,True,7,False,9,False,???????T?????,70
4132,True,7,True,10,False,?????????????,70
4132,True,8,False,9,False,???????T?????,68
4132,True,8,True,10,False,?????????????,69
4132,True,9,False,9,False,???????T?????,96
4132,True,9,True,10,False,?????????????,109
4132,True,10,False,9,False,???????T?????,96
4132,True,10,True,10,False,?????????????,103
4132,True,11,False,9,False,???????T?????,98
4132,True,11,True,10,False,????'????????,102
4132,True,12,False,9,False,???????T?????,101
4132,True,12,True,10,False,????'????????,102
4132,True,13,False,9,False,???????T?????,98
4132,True,13,True,10,False,????'????????,100
4132,True,14,False,9,False,??????_T?????,97
4132,True,14,True,10,False,????'????????,100
4132,True,15,False,9,False,???????T?????,104
4132,True,15,True,11,False,????'????????,108
4132,True,16,False,8,False,?????????????,103
4132,True,16,True,11,False,????'??O?????,107
4132,True,17,False,8,False,?????????????,103
4132,True,17,True,11,False,????'??_?????,107
4132,True,18,False,9,False,?????????????,107
4132,True,18,True,11,False,????'??_4????,104
4132,True,19,False,9,False,?????????????,107
4132,True,19,True,10,False,????'??_?????,103
4132,True,20,False,10,False,?????????????,109
4132,True,20,True,10,False,????'??_?????,103
4132,True,21,False,10,False,?????????=???,108
4132,True,21,True,10,False,????'??_?????,103
4132,True,22,False,9,False,?????????=???,76
4132,True,22,True,10,False,????'??_?????,91
4132,True,23,False,9,False,?????????=???,76
4132,True,23,True,10,False,????'??_?????,95
4132,True,24,False,9,False,?????????=???,84
4132,True,24,True,10,False,????'??_?????,119
4132,True,25,False,9,False,?????????=???,72
4132,True,25,True,10,False,????'??_?????,95
4132,True,26,False,9,False,?????????=???,83
4132,True,26,True,10,False,????'??_?????,95
4132,True,27,False,9,False,?????????=???,76
4132,True,27,True,11,False,????'??_?????,103
4213,False,1,False,7,False,?????????????,76
4213,False,1,True,7,False,?????????1???,71
4213,False,2,False,8,False,?????????????,88
4213,False,2,True,7,False,?????????1???,85
4213,False,3,False,8,False,?????????????,88
4213,False,3,True,6,False,?????????1???,69
4213,False,4,False,9,False,?0???????????,89
4213,False,4,True,6,False,?????????1???,69
4213,False,5,False,9,False,?????????????,90
4213,False,5,True,6,False,?????????1???,69
4213,False,6,False,8,False,?????????????,66
4213,False,6,True,6,False,?????????1???,55
4213,False,7,False,8,False,?????????????,66
4213,False,7,True,6,False,?????????1???,56
4213,False,8,False,9,False,?????????????,68
4213,False,8,True,6,False,?????????1???,56
4213,False,9,False,9,False,?????????????,82
4213,False,9,True,6,False,?????????1???,56
4213,False,10,False,8,False,?????????????,78
4213,False,10,True,6,False,?????????1???,56
4213,False,11,False,8,False,?????????????,78
4213,False,11,True,7,False,?????????1???,58
4213,False,12,False,7,False,?????????????,74
4213,False,12,True,7,False,?????????1???,58
4213,False,13,False,7,False,?????????????,74
4213,False,13,True,8,False,?????????1???,60
4213,False,14,False,7,False,?????????????,74
4213,False,14,True,8,False,?????????1???,60
4213,False,15,False,7,False,?????????????,74
4213,False,15,True,8,False,?????????1???,60
4213,False,16,False,7,False,?????????????,74
4213,False,16,True,8,False,?????????1???,60
4213,False,17,False,7,False,?????????????,74
4213,False,17,True,8,False,?????????1???,60
4213,False,18,False,6,False,?????????????,66
4213,False,18,True,8,False,?????????1???,54
4213,False,19,False,6,False,?????????????,66
4213,False,19,True,8,False,?????????1???,54
4213,False,20,False,7,False,?????????????,70
4213,False,20,True,8,False,?????????????,57
4213,False,21,False,7,False,?????????????,68
4213,False,21,True,7,False,?????????????,53
4213,False,22,False,7,False,?????????????,52
4213,False,22,True,7,False,?????????????,29
4213,False,23,False,7,False,?????????????,52
4213,False,23,True,7,False,?????????????,27
4213,False,24,False,7,False,?????????????,76
4213,False,24,True,7,False,?????????????,45
4213,False,25,False,7,False,?????????????,52
4213,False,25,True,7,False,?????????????,29
4213,False,26,False,7,False,?????????????,60
4213,False,26,True,7,False,?????????????,47
4213,False,27,False,7,False,?????????????,54
4213,False,27,True,7,False,?????????????,31
4213,True,1,False,8,False,?????????????,67
4213,True,1,True,10,False,?????????N???,86
4213,True,2,False,8,False,?????????????,77
4213,True,2,True,10,False,?????????N???,100
4213,True,3,False,8,False,?????????????,76
4213,True,3,True,10,False,?????????N???,99
4213,True,4,False,9,False,?O???????????,77
4213,True,4,True,10,False,?????????N???,99
4213,True,5,False,9,False,?????????????,78
4213,True,5,True,10,False,?????????N???,99
4213,True,6,False,8,False,?????????????,55
4213,True,6,True,10,False,?????????N???,71
4213,True,7,False,8,False,?????????????,55
4213,True,7,True,10,False,?????????N???,70
4213,True,8,False,8,False,?????????????,53
4213,True,8,True,10,False,?????????N???,69
4213,True,9,False,8,False,?????????????,81
4213,True,9,True,10,False,?????????N???,109
4213,True,10,False,9,False,?????????????,83
4213,True,10,True,10,False,?????????N???,103
4213,True,11,False,9,False,?????????????,85
4213,True,11,True,9,False,?????????N???,101
4213,True,12,False,9,False,?????????????,88
4213,True,12,True,9,False,?????????N???,101
4213,True,13,False,9,False,?????????????,85
4213,True,13,True,9,False,?????????N???,99
4213,True,14,False,9,False,??????o??????,84
4213,True,14,True,9,False,?????????N???,99
4213,True,15,False,9,False,?????????????,91
4213,True,15,True,10,False,?????????N???,107
4213,True,16,False,8,False,?????????????,89
4213,True,16,True,10,False,???????/?N???,106
4213,True,17,False,8,False,?????????????,89
4213,True,17,True,10,False,?????????N???,107
4213,True,18,False,8,False,?????????????,89
4213,True,18,True,10,False,?????????N???,101
4213,True,19,False,8,False,?????????????,89
4213,True,19,True,10,False,????????BN???,100
4213,True,20,False,9,False,?????????????,93
4213,True,20,True,10,False,????????B????,103
4213,True,21,False,9,False,?????????????,91
4213,True,21,True,9,False,????????B????,99
4213,True,22,False,9,False,?????????????,75
4213,True,22,True,9,False,????????B????,87
4213,True,23,False,9,False,?????????????,75
4213,True,23,True,9,False,????????B????,89
4213,True,24,False,10,False,?????????????,91
4213,True,24,True,9,False,????????B????,107
4213,True,25,False,10,False,?????????????,79
4213,True,25,True,8,False,????????B????,83
4213,True,26,False,11,False,?????????????,90
4213,True,26,True,8,False,????????B????,83
4213,True,27,False,11,False,?????????????,85
4213,True,27,True,8,False,????????B????,83
4231,False,1,False,7,False,?????????????,58
4231,False,1,True,8,False,?????????2???,65
4231,False,2,False,8,False,?????????????,70
4231,False,2,True,8,False,?????????2???,79
4231,False,3,False,8,False,?????????????,70
4231,False,3,True,7,False,?????????2???,63
4231,False,4,False,9,False,?0???????????,71
4231,False,4,True,7,False,?????????2???,63
4231,False,5,False,9,False,?????????????,72
4231,False,5,True,7,False,?????????2???,63
4231,False,6,False,8,False,?????????????,56
4231,False,6,True,7,False,?????????2???,42
4231,False,7,False,8,False,?????????????,56
4231,False,7,True,7,False,?????????2???,41
4231,False,8,False,9,False,?????????????,59
4231,False,8,True,7,False,?????????2???,41
4231,False,9,False,9,False,?????????????,80
4231,False,9,True,7,False,?????????2???,41
4231,False,10,False,8,False,?????????????,76
4231,False,10,True,7,False,?????????2???,41
4231,False,11,False,8,False,?????????????,76
4231,False,11,True,8,False,?????????2???,43
4231,False,12,False,8,False,?????????????,76
4231,False,12,True,8,False,?????????2???,43
4231,False,13,False,8,False,?????????????,76
4231,False,13,True,7,False,?????????2???,41
4231,False,14,False,9,False,?????? ??????,77
4231,False,14,True,7,False,?????????2???,41
4231,False,15,False,9,False,?????????????,80
4231,False,15,True,7,False,?????????2???,41
4231,False,16,False,9,False,?????????????,80
4231,False,16,True,7,False,?????????2???,41
4231,False,17,False,9,False,?????????????,80
4231,False,17,True,7,False,?????????2???,41
4231,False,18,False,8,False,?????????????,72
4231,False,18,True,7,False,????????>2???,38
4231,False,19,False,8,False,?????????????,72
4231,False,19,True,7,False,?????????2???,39
4231,False,20,False,8,False,?????????????,72
4231,False,20,True,7,False,?????????????,42
4231,False,21,False,8,False,?????????2???,71
4231,False,21,True,7,False,?????????????,42
4231,False,22,False,8,False,?????????2???,63
4231,False,22,True,7,False,?????????????,24
4231,False,23,False,8,False,?????????2???,63
4231,False,23,True,7,False,?????????????,22
4231,False,24,False,8,False,?????????2???,79
4231,False,24,True,7,False,?????????????,34
4231,False,25,False,8,False,?????????2???,61
4231,False,25,True,7,False,?????????????,26
4231,False,26,False,8,False,?????????2???,65
4231,False,26,True,7,False,?????????????,38
4231,False,27,False,8,False,?????????2???,61
4231,False,27,True,7,False,?????????????,30
4231,True,1,False,12,False,?/???????????,99
4231,True,1,True,9,False,?????????M???,86
4231,True,2,False,12,False,?/???????????,109
4231,True,2,True,9,False,?????????M???,100
4231,True,3,False,12,False,?/???????????,108
4231,True,3,True,9,False,?????????M???,99
4231,True,4,False,12,False,?O???????????,108
4231,True,4,True,9,False,?????????M???,99
4231,True,5,False,12,False,?????????????,109
4231,True,5,True,10,False,?????????M???,101
4231,True,6,False,11,False,?????????????,78
4231,True,6,True,10,False,?????????M???,80
4231,True,7,False,11,False,?????????????,78
4231,True,7,True,10,False,?????????M???,81
4231,True,8,False,11,False,?????????????,75
4231,True,8,True,10,False,?????????M???,80
4231,True,9,False,11,False,?????????????,96
4231,True,9,True,10,False,?????????M???,120
4231,True,10,False,11,False,?????????????,96
4231,True,10,True,10,False,?????????M???,114
4231,True,11,False,11,False,?????????????,98
4231,True,11,True,10,False,????'????M???,113
4231,True,12,False,11,False,?????????????,101
4231,True,12,True,10,False,????'????M???,113
4231,True,13,False,11,False,?????????????,98
4231,True,13,True,10,False,????'????M???,111
4231,True,14,False,11,False,??????_??????,96
4231,True,14,True,10,False,????'????M???,111
4231,True,15,False,11,False,?????????????,103
4231,True,15,True,11,False,????'????M???,123
4231,True,16,False,10,False,?????????????,101
4231,True,16,True,11,False,????'????M???,123
4231,True,17,False,10,False,?????????????,101
4231,True,17,True,12,False,????'????M???,125
4231,True,18,False,9,False,?????????????,97
4231,True,18,True,12,False,????'????M???,119
4231,True,19,False,9,False,?????????????,97
4231,True,19,True,12,False,????'???AM???,118
4231,True,20,False,10,False,?????????????,101
4231,True,20,True,12,False,????'???A????,121
4231,True,21,False,10,False,?????????????,99
4231,True,21,True,11,False,????'???A????,117
4231,True,22,False,10,False,?????????????,75
4231,True,22,True,11,False,????'???A????,99
4231,True,23,False,10,False,?????????????,75
4231,True,23,True,11,False,????'???A????,101
4231,True,24,False,10,False,?????????????,91
4231,True,24,True,11,False,????'???A????,125
4231,True,25,False,10,False,?????????????,73
4231,True,25,True,11,False,????'???A????,101
4231,True,26,False,10,False,?????????????,84
4231,True,26,True,11,False,????'???A????,101
4231,True,27,False,10,False,?????????????,77
4231,True,27,True,12,False,????'???A????,109
4312,False,1,False,8,False,?????????????,62
4312,False,1,True,8,False,?????????d???,69
4312,False,2,False,9,False,?????????????,74
4312,False,2,True,8,False,?????????d???,83
4312,False,3,False,9,False,?????????????,74
4312,False,3,True,7,False,?????????d???,67
4312,False,4,False,10,False,?`???????????,75
4312,False,4,True,7,False,?????????d???,67
4312,False,5,False,10,False,?????????????,76
4312,False,5,True,7,False,?????????d???,67
4312,False,6,False,9,False,?????????????,60
4312,False,6,True,7,False,?????????d???,53
4312,False,7,False,9,False,?????????????,60
4312,False,7,True,7,False,?????????d???,53
4312,False,8,False,10,False,?????????????,62
4312,False,8,True,7,False,?????????d???,53
4312,False,9,False,10,False,?????????????,76
4312,False,9,True,7,False,?????????d???,53
4312,False,10,False,9,False,?????????????,72
4312,False,10,True,7,False,?????????d???,53
4312,False,11,False,9,False,?????????????,72
4312,False,11,True,8,False,?????????d???,55
4312,False,12,False,8,False,?????????????,68
4312,False,12,True,8,False,?????????d???,55
4312,False,13,False,8,False,?????????????,68
4312,False,13,True,8,False,?????????d???,55
4312,False,14,False,9,False,??????@??????,69
4312,False,14,True,8,False,?????????d???,55
4312,False,15,False,9,False,?????????????,72
4312,False,15,True,8,False,?????????d???,55
4312,False,16,False,9,False,?????????????,72
4312,False,16,True,8,False,?????????d???,55
4312,False,17,False,9,False,?????????????,72
4312,False,17,True,8,False,?????????d???,55
4312,False,18,False,8,False,?????????????,64
4312,False,18,True,8,False,?????????d???,49
4312,False,19,False,8,False,?????????????,64
4312,False,19,True,8,False,?????????d???,49
4312,False,20,False,8,False,?????????????,66
4312,False,20,True,8,False,?????????????,52
4312,False,21,False,8,False,?????????????,64
4312,False,21,True,8,False,?????????????,52
4312,False,22,False,8,False,?????????????,56
4312,False,22,True,8,False,?????????????,28
4312,False,23,False,8,False,?????????????,56
4312,False,23,True,8,False,?????????????,24
4312,False,24,False,8,False,?????????????,80
4312,False,24,True,8,False,?????????????,36
4312,False,25,False,8,False,?????????????,56
4312,False,25,True,8,False,?????????????,28
4312,False,26,False,8,False,?????????????,60
4312,False,26,True,8,False,?????????????,40
4312,False,27,False,8,False,?????????????,56
4312,False,27,True,8,False,?????????????,32
4312,True,1,False,11,False,?O?????2?????,93
4312,True,1,True,8,False,?????????????,81
4312,True,2,False,11,False,?O?????2?????,103
4312,True,2,True,8,False,?????????????,81
4312,True,3,False,11,False,?O?????2?????,102
4312,True,3,True,9,False,?????????????,96
4312,True,4,False,10,False,???????2?????,101
4312,True,4,True,9,False,?????????????,96
4312,True,5,False,10,False,???????2?????,101
4312,True,5,True,10,False,?????????????,98
4312,True,6,False,9,False,???????2?????,70
4312,True,6,True,10,False,?????????????,70
4312,True,7,False,9,False,???????2?????,70
4312,True,7,True,10,False,?????????????,70
4312,True,8,False,9,False,???????2?????,68
4312,True,8,True,10,False,?????????????,69
4312,True,9,False,9,False,???????2?????,96
4312,True,9,True,10,False,?????????????,109
4312,True,10,False,9,False,???????2?????,96
4312,True,10,True,10,False,?????????????,103
4312,True,11,False,9,False,???????2?????,98
4312,True,11,True,10,False,????G????????,102
4312,True,12,False,9,False,???????2?????,101
4312,True,12,True,10,False,????G????????,102
4312,True,13,False,9,False,???????2?????,98
4312,True,13,True,10,False,????G????????,100
4312,True,14,False,9,False,???????2?????,97
4312,True,14,True,10,False,????G????????,100
4312,True,15,False,9,False,???????2?????,104
4312,True,15,True,11,False,????G????????,108
4312,True,16,False,8,False,?????????????,103
4312,True,16,True,11,False,????G??/?????,107
4312,True,17,False,8,False,?????????????,103
4312,True,17,True,11,False,????G????????,107
4312,True,18,False,9,False,?????????????,107
4312,True,18,True,11,False,????G???R????,104
4312,True,19,False,9,False,?????????????,107
4312,True,19,True,10,False,????G????????,103
4312,True,20,False,10,False,?????????????,109
4312,True,20,True,10,False,????G????????,103
4312,True,21,False,10,False,?????????[???,108
4312,True,21,True,10,False,????G????????,103
4312,True,22,False,9,False,?????????[???,76
4312,True,22,True,10,False,????G????????,91
4312,True,23,False,9,False,?????????[???,76
4312,True,23,True,10,False,????G????????,95
4312,True,24,False,9,False,?????????[???,84
4312,True,24,True,10,False,????G????????,119
4312,True,25,False,9,False,?????????[???,72
4312,True,25,True,10,False,????G????????,95
4312,True,26,False,9,False,?????????[???,83
4312,True,26,True,10,False,????G????????,95
4312,True,27,False,9,False,?????????[???,76
4312,True,27,True,11,False,????G????????,103
4321,False,1,False,7,False,?????????????,58
4321,False,1,True,8,False,?????????T???,65
4321,False,2,False,8,False,?????????????,70
4321,False,2,True,8,False,?????????T???,79
4321,False,3,False,8,False,?????????????,70
4321,False,3,True,7,False,?????????T???,63
4321,False,4,False,9,False,?P???????????,71
4321,False,4,True,7,False,?????????T???,63
4321,False,5,False,9,False,?????????????,72
4321,False,5,True,7,False,?????????T???,63
4321,False,6,False,8,False,?????????????,56
4321,False,6,True,7,False,?????????T???,42
4321,False,7,False,8,False,?????????????,56
4321,False,7,True,7,False,?????????T???,41
4321,False,8,False,9,False,?????????????,59
4321,False,8,True,7,False,?????????T???,41
4321,False,9,False,9,False,?????????????,80
4321,False,9,True,7,False,?????????T???,41
4321,False,10,False,8,False,?????????????,76
4321,False,10,True,7,False,?????????T???,41
4321,False,11,False,8,False,?????????????,76
4321,False,11,True,8,False,?????????T???,43
4321,False,12,False,8,False,?????????????,76
4321,False,12,True,8,False,?????????T???,43
4321,False,13,False,8,False,?????????????,76
4321,False,13,True,7,False,?????????T???,41
4321,False,14,False,9,False,??????@??????,77
4321,False,14,True,7,False,?????????T???,41
4321,False,15,False,9,False,?????????????,80
4321,False,15,True,7,False,?????????T???,41
4321,False,16,False,9,False,?????????????,80
4321,False,16,True,7,False,?????????T???,41
4321,False,17,False,9,False,?????????????,80
4321,False,17,True,7,False,?????????T???,41
4321,False,18,False,8,False,?????????????,72
4321,False,18,True,7,False,????????^T???,38
4321,False,19,False,8,False,?????????????,72
4321,False,19,True,7,False,?????????T???,39
4321,False,20,False,8,False,?????????????,72
4321,False,20,True,7,False,?????????????,42
4321,False,21,False,8,False,?????????T???,71
4321,False,21,True,7,False,?????????????,42
4321,False,22,False,8,False,?????????T???,63
4321,False,22,True,7,False,?????????????,24
4321,False,23,False,8,False,?????????T???,63
4321,False,23,True,7,False,?????????????,22
4321,False,24,False,8,False,?????????T???,79
4321,False,24,True,7,False,?????????????,34
4321,False,25,False,8,False,?????????T???,61
4321,False,25,True,7,False,?????????????,26
4321,False,26,False,8,False,?????????T???,65
4321,False,26,True,7,False,?????????????,38
4321,False,27,False,8,False,?????????T???,61
4321,False,27,True,7,False,?????????????,30
4321,True,1,False,12,False,?O???????????,99
4321,True,1,True,9,False,?????????+???,86
4321,True,2,False,12,False,?O???????????,109
4321,True,2,True,9,False,?????????+???,100
4321,True,3,False,12,False,?O???????????,108
4321,True,3,True,9,False,?????????+???,99
4321,True,4,False,12,False,?/???????????,108
4321,True,4,True,9,False,?????????+???,99
4321,True,5,False,12,False,?????????????,109
4321,True,5,True,10,False,?????????+???,101
4321,True,6,False,11,False,?????????????,78
4321,True,6,True,10,False,?????????+???,80
4321,True,7,False,11,False,?????????????,78
4321,True,7,True,10,False,?????????+???,81
4321,True,8,False,11,False,?????????????,75
4321,True,8,True,10,False,?????????+???,80
4321,True,9,False,11,False,?????????????,96
4321,True,9,True,10,False,?????????+???,120
4321,True,10,False,11,False,?????????????,96
4321,True,10,True,10,False,?????????+???,114
4321,True,11,False,11,False,?????????????,98
4321,True,11,True,10,False,????G????+???,113
4321,True,12,False,11,False,?????????????,101
4321,True,12,True,10,False,????G????+???,113
4321,True,13,False,11,False,?????????????,98
4321,True,13,True,10,False,????G????+???,111
4321,True,14,False,11,False,?????????????,96
4321,True,14,True,10,False,????G????+???,111
4321,True,15,False,11,False,?????????????,103
4321,True,15,True,11,False,????G????+???,123
4321,True,16,False,10,False,?????????????,101
4321,True,16,True,11,False,????G????+???,123
4321,True,17,False,10,False,?????????????,101
4321,True,17,True,12,False,????G????+???,125
4321,True,18,False,9,False,?????????????,97
4321,True,18,True,12,False,????G????+???,119
4321,True,19,False,9,False,?????????????,97
4321,True,19,True,12,False,????G???!+???,118
4321,True,20,False,10,False,?????????????,101
4321,True,20,True,12,False,????G???!????,121
4321,True,21,False,10,False,?????????????,99
4321,True,21,True,11,False,????G???!????,117
4321,True,22,False,10,False,?????????????,75
4321,True,22,True,11,False,????G???!????,99
4321,True,23,False,10,False,?????????????,75
4321,True,23,True,11,False,????G???!????,101
4321,True,24,False,10,False,?????????????,91
4321,True,24,True,11,False,????G???!????,125
4321,True,25,False,10,False,?????????????,73
4321,True,25,True,11,False,????G???!????,101
4321,True,26,False,10,False,?????????????,84
4321,True,26,True,11,False,????G???!????,101
4321,True,27,False,10,False,?????????????,77
4321,True,27,True,12,False,????G???!????,109
