residue,unit,class,symbol,bin,gray,edge
2,1,B,/,0,0.3071148693561554,0.06046561896800995
2,1,B,/,1,0.30489423871040344,0.05355837196111679
2,1,B,/,2,0.3014933466911316,0.04766540601849556
2,1,B,/,3,0.2975713014602661,0.04226274415850639
2,1,B,/,4,0.29323968291282654,0.04388673976063728
2,1,B,/,5,0.2851365804672241,0.04492305591702461
2,1,B,/,6,0.2781209349632263,0.04223597049713135
2,1,B,/,7,0.272011399269104,0.051886506378650665
2,1,B,/,8,0.26397448778152466,0.04529355838894844
2,1,B,/,9,0.25630253553390503,0.03592609614133835
2,1,B,/,10,0.24928005039691925,0.035478509962558746
2,1,B,/,11,0.24052798748016357,0.029609430581331253
2,1,B,/,12,0.23129625618457794,0.02731078676879406
2,1,B,/,13,0.2222016602754593,0.026596786454319954
2,1,B,/,14,0.21424314379692078,0.02521440200507641
2,1,B,/,15,0.20764005184173584,0.0235633235424757
2,1,B,/,16,0.20020724833011627,0.02434147521853447
2,1,B,/,17,0.1947234570980072,0.026441726833581924
2,1,B,/,18,0.19505061209201813,0.029950212687253952
2,1,B,/,19,0.199414923787117,0.048452939838171005
2,1,B,/,20,0.19864073395729065,0.05507151409983635
2,1,B,/,21,0.19269725680351257,0.04742401838302612
2,1,B,/,22,0.1927458941936493,0.05190739408135414
2,1,B,/,23,0.19549572467803955,0.07656630873680115
2,1,B,/,24,0.1942770779132843,0.07446657866239548
2,1,B,/,25,0.1961578130722046,0.06786896288394928
2,1,B,/,26,0.1972580850124359,0.07134290784597397
2,1,B,/,27,0.20047825574874878,0.07161734998226166
2,1,B,/,28,0.20446141064167023,0.05835198983550072
2,1,B,/,29,0.2069147825241089,0.05401246249675751
2,1,B,/,30,0.20877985656261444,0.06170649826526642
2,1,B,/,31,0.21537627279758453,0.07830959558486938
2,1,B,/,32,0.22021476924419403,0.0776585191488266
2,1,B,/,33,0.22561469674110413,0.07506043463945389
2,1,B,/,34,0.22733986377716064,0.07351569086313248
2,1,B,/,35,0.22867846488952637,0.07665163278579712
2,1,B,/,36,0.22846302390098572,0.0752439871430397
2,1,B,/,37,0.22689755260944366,0.07748191803693771
2,1,B,/,38,0.2215370088815689,0.07664179056882858
2,1,B,/,39,0.21345669031143188,0.06650587171316147
2,1,B,/,40,0.20630930364131927,0.07936335355043411
2,1,B,/,41,0.1956271529197693,0.07105910778045654
2,1,B,/,42,0.18362902104854584,0.07103081047534943
2,1,B,/,43,0.17347083985805511,0.06478490680456161
2,1,B,/,44,0.16364213824272156,0.05999233201146126
2,1,B,/,45,0.1540340930223465,0.03912380337715149
2,1,B,/,46,0.14773911237716675,0.046798717230558395
2,1,B,/,47,0.13759241998195648,0.04167470335960388
2,1,B,/,48,0.12651462852954865,0.05108071491122246
2,1,B,/,49,0.11541305482387543,0.05421251803636551
2,1,B,/,50,0.10811636596918106,0.06705731153488159
2,1,B,/,51,0.10170573741197586,0.07877345383167267
2,1,B,/,52,0.09711462259292603,0.08248458057641983
2,1,B,/,53,0.09312929213047028,0.08717363327741623
2,1,B,/,54,0.09369806200265884,0.07281967252492905
2,1,B,/,55,0.09061916172504425,0.054981887340545654
2,1,B,/,56,0.0840977132320404,0.05239575356245041
2,1,B,/,57,0.08531969785690308,0.05099324882030487
2,1,B,/,58,0.09085863083600998,0.0677265152335167
2,1,B,/,59,0.10475342720746994,0.08645392954349518
2,1,B,/,60,0.12220702320337296,0.07864411175251007
2,1,B,/,61,0.1381950080394745,0.08871310949325562
2,1,B,/,62,0.1527498960494995,0.10644392669200897
2,1,B,/,63,0.16424903273582458,0.15969133377075195
3,1,C,-,0,0.0010744024766609073,0.007489320822060108
3,1,C,-,1,0.003938115667551756,0.015128472819924355
3,1,C,-,2,0.010133334435522556,0.02819535695016384
3,1,C,-,3,0.02157631888985634,0.046792395412921906
3,1,C,-,4,0.03308434411883354,0.04468521848320961
3,1,C,-,5,0.03908969461917877,0.03842129558324814
3,1,C,-,6,0.04252900928258896,0.03816632553935051
3,1,C,-,7,0.04473191872239113,0.037539444863796234
3,1,C,-,8,0.04603724554181099,0.03441503643989563
3,1,C,-,9,0.046639859676361084,0.03413137048482895
3,1,C,-,10,0.050025574862957,0.031293321400880814
3,1,C,-,11,0.057303283363580704,0.042744144797325134
3,1,C,-,12,0.07116855680942535,0.06212184950709343
3,1,C,-,13,0.08398246020078659,0.051771655678749084
3,1,C,-,14,0.09520697593688965,0.04189583286643028
3,1,C,-,15,0.10657330602407455,0.0384373813867569
3,1,C,-,16,0.11838236451148987,0.04583349451422691
3,1,C,-,17,0.12710049748420715,0.057987030595541
3,1,C,-,18,0.13683608174324036,0.06260156631469727
3,1,C,-,19,0.13973857462406158,0.05528910830616951
3,1,C,-,20,0.15208788216114044,0.06822676211595535
3,1,C,-,21,0.17765949666500092,0.08659842610359192
3,1,C,-,22,0.19758404791355133,0.08014748990535736
3,1,C,-,23,0.21353627741336823,0.07013475149869919
3,1,C,-,24,0.22679175436496735,0.07229007035493851
3,1,C,-,25,0.2407008856534958,0.06814336776733398
3,1,C,-,26,0.25183358788490295,0.07901487499475479
3,1,C,-,27,0.2651173770427704,0.07150594145059586
3,1,C,-,28,0.2757372558116913,0.06292068213224411
3,1,C,-,29,0.28966277837753296,0.062230274081230164
3,1,C,-,30,0.303303986787796,0.0744280144572258
3,1,C,-,31,0.3060207962989807,0.06950315833091736
3,1,C,-,32,0.31738561391830444,0.05826995521783829
3,1,C,-,33,0.3280012309551239,0.06145321577787399
3,1,C,-,34,0.34065675735473633,0.060554903000593185
3,1,C,-,35,0.347723126411438,0.04359016194939613
3,1,C,-,36,0.34736672043800354,0.03480956703424454
3,1,C,-,37,0.344208300113678,0.03730696812272072
3,1,C,-,38,0.3411429524421692,0.03805987909436226
3,1,C,-,39,0.3386130630970001,0.039262693375349045
3,1,C,-,40,0.3402436077594757,0.0508960597217083
3,1,C,-,41,0.3473314642906189,0.06727097928524017
3,1,C,-,42,0.3497683107852936,0.06327912956476212
3,1,C,-,43,0.36216410994529724,0.06372345238924026
3,1,C,-,44,0.3766185939311981,0.06651706248521805
3,1,C,-,45,0.3885730504989624,0.0637291818857193
3,1,C,-,46,0.40667423605918884,0.062407173216342926
3,1,C,-,47,0.42786577343940735,0.07159427553415298
3,1,C,-,48,0.4426681697368622,0.04950355365872383
3,1,C,-,49,0.45436805486679077,0.058634497225284576
3,1,C,-,50,0.47378695011138916,0.05999786779284477
3,1,C,-,51,0.4891491234302521,0.047027722001075745
3,1,C,-,52,0.5019958019256592,0.052952732890844345
3,1,C,-,53,0.5172151923179626,0.04648933187127113
3,1,C,-,54,0.528885543346405,0.048256754875183105
3,1,C,-,55,0.54313725233078,0.04497302696108818
3,1,C,-,56,0.5553303360939026,0.045202139765024185
3,1,C,-,57,0.5660833120346069,0.03730783239006996
3,1,C,-,58,0.5713205337524414,0.022289931774139404
3,1,C,-,59,0.576392412185669,0.021749773994088173
3,1,C,-,60,0.581788182258606,0.02613031305372715
3,1,C,-,61,0.581145167350769,0.020685730502009392
3,1,C,-,62,0.5787908434867859,0.020214224234223366
3,1,C,-,63,0.5766479969024658,0.023335767909884453
4,1,D,-,0,0.3543200194835663,0.18174445629119873
4,1,D,-,1,0.3595598638057709,0.07013215124607086
4,1,D,-,2,0.3696627616882324,0.06943394243717194
4,1,D,-,3,0.38049980998039246,0.07216888666152954
4,1,D,-,4,0.38607221841812134,0.06527470052242279
4,1,D,-,5,0.39511772990226746,0.06041480600833893
4,1,D,-,6,0.4023529589176178,0.06617917120456696
4,1,D,-,7,0.40187129378318787,0.06104704365134239
4,1,D,-,8,0.39406824111938477,0.0533745102584362
4,1,D,-,9,0.38925760984420776,0.0593937449157238
4,1,D,-,10,0.38676902651786804,0.05322451516985893
4,1,D,-,11,0.3816705644130707,0.05830543488264084
4,1,D,-,12,0.3727249205112457,0.05982844531536102
4,1,D,-,13,0.3666398227214813,0.057366225868463516
4,1,D,-,14,0.36412492394447327,0.054920535534620285
4,1,D,-,15,0.3626890778541565,0.06404777616262436
4,1,D,-,16,0.36129337549209595,0.07692775130271912
4,1,D,-,17,0.3592119514942169,0.07055741548538208
4,1,D,-,18,0.36529603600502014,0.054129328578710556
4,1,D,-,19,0.3704201877117157,0.057745181024074554
4,1,D,-,20,0.37253090739250183,0.0607089065015316
4,1,D,-,21,0.3766658306121826,0.06090660020709038
4,1,D,-,22,0.3790966868400574,0.049672603607177734
4,1,D,-,23,0.3790162205696106,0.05803849548101425
4,1,D,-,24,0.38179513812065125,0.06617055833339691
4,1,D,-,25,0.38049232959747314,0.07181315124034882
4,1,D,-,26,0.37538769841194153,0.072880320250988
4,1,D,-,27,0.3764221966266632,0.07496466487646103
4,1,D,-,28,0.36808541417121887,0.07178927212953568
4,1,D,-,29,0.35552942752838135,0.06771270185709
4,1,D,-,30,0.3374556303024292,0.04875791072845459
4,1,D,-,31,0.32768937945365906,0.04082777723670006
4,1,D,-,32,0.3277355134487152,0.05523713678121567
4,1,D,-,33,0.3226381540298462,0.052778735756874084
4,1,D,-,34,0.31616663932800293,0.047730427235364914
4,1,D,-,35,0.31495797634124756,0.056654397398233414
4,1,D,-,36,0.31157028675079346,0.04283279553055763
4,1,D,-,37,0.30967211723327637,0.03412384167313576
4,1,D,-,38,0.3151332437992096,0.04270455613732338
4,1,D,-,39,0.31717169284820557,0.046104226261377335
4,1,D,-,40,0.3200311064720154,0.047588083893060684
4,1,D,-,41,0.32294028997421265,0.04904695600271225
4,1,D,-,42,0.32698753476142883,0.05710377171635628
4,1,D,-,43,0.333369642496109,0.04997500777244568
4,1,D,-,44,0.33792078495025635,0.0371318981051445
4,1,D,-,45,0.3479688763618469,0.044166337698698044
4,1,D,-,46,0.3567873537540436,0.046339672058820724
4,1,D,-,47,0.3578996956348419,0.057920925319194794
4,1,D,-,48,0.35258468985557556,0.047547802329063416
4,1,D,-,49,0.35179969668388367,0.045127637684345245
4,1,D,-,50,0.34603777527809143,0.05064437538385391
4,1,D,-,51,0.34138941764831543,0.04718530923128128
4,1,D,-,52,0.33653712272644043,0.05571960657835007
4,1,D,-,53,0.3316403329372406,0.05375835672020912
4,1,D,-,54,0.3303454518318176,0.04742789268493652
4,1,D,-,55,0.3257560729980469,0.053493134677410126
4,1,D,-,56,0.32878565788269043,0.05072356015443802
4,1,D,-,57,0.3321341574192047,0.055986188352108
4,1,D,-,58,0.3315379023551941,0.05280930548906326
4,1,D,-,59,0.3370361924171448,0.044944506138563156
4,1,D,-,60,0.34572553634643555,0.052093178033828735
4,1,D,-,61,0.3488157093524933,0.04705975204706192
4,1,D,-,62,0.3519117534160614,0.04811950400471687
4,1,D,-,63,0.3542010188102722,0.046462830156087875
5,1,E,/,0,0.5980205535888672,0.052766069769859314
5,1,E,/,1,0.5984251499176025,0.05489795655012131
5,1,E,/,2,0.5991948843002319,0.05900674685835838
5,1,E,/,3,0.5975713133811951,0.07717633247375488
5,1,E,/,4,0.5900107622146606,0.09130115061998367
5,1,E,/,5,0.571288526058197,0.10268107801675797
5,1,E,/,6,0.5634803771972656,0.11130023002624512
5,1,E,/,7,0.5659076571464539,0.11180083453655243
5,1,E,/,8,0.5718176364898682,0.10778965801000595
5,1,E,/,9,0.5803143978118896,0.09537836164236069
5,1,E,/,10,0.5846660733222961,0.08153608441352844
5,1,E,/,11,0.5860227346420288,0.06423576176166534
5,1,E,/,12,0.5874570608139038,0.04835902526974678
5,1,E,/,13,0.5858886241912842,0.042305927723646164
5,1,E,/,14,0.5847529768943787,0.04239484667778015
5,1,E,/,15,0.5840950012207031,0.04320605844259262
5,1,E,/,16,0.5845686793327332,0.04468672722578049
5,1,E,/,17,0.5848397016525269,0.04554801434278488
5,1,E,/,18,0.5875394940376282,0.04912900552153587
5,1,E,/,19,0.59030681848526,0.052382662892341614
5,1,E,/,20,0.5925318598747253,0.0495200976729393
5,1,E,/,21,0.5991508960723877,0.05026491731405258
5,1,E,/,22,0.6059986352920532,0.04863514378666878
5,1,E,/,23,0.6118119955062866,0.05050969496369362
5,1,E,/,24,0.6157819032669067,0.05287366360425949
5,1,E,/,25,0.6194648742675781,0.055998124182224274
5,1,E,/,26,0.6243582367897034,0.05566397309303284
5,1,E,/,27,0.6298101544380188,0.05749509111046791
5,1,E,/,28,0.6355639100074768,0.05268636718392372
5,1,E,/,29,0.6372788548469543,0.04755319654941559
5,1,E,/,30,0.6378501057624817,0.05187595635652542
5,1,E,/,31,0.6383166909217834,0.0545356310904026
5,1,E,/,32,0.6408963799476624,0.04681335762143135
5,1,E,/,33,0.6428260207176208,0.04691292718052864
5,1,E,/,34,0.6445661187171936,0.050809938460588455
5,1,E,/,35,0.6426908373832703,0.04916571080684662
5,1,E,/,36,0.6416192054748535,0.04511161521077156
5,1,E,/,37,0.6425995230674744,0.04918168857693672
5,1,E,/,38,0.644702672958374,0.047112684696912766
5,1,E,/,39,0.6469006538391113,0.049740858376026154
5,1,E,/,40,0.6493674516677856,0.04921010136604309
5,1,E,/,41,0.6504824757575989,0.04709137976169586
5,1,E,/,42,0.6557890176773071,0.05186876282095909
5,1,E,/,43,0.6589173078536987,0.05002153292298317
5,1,E,/,44,0.6620940566062927,0.05154947564005852
5,1,E,/,45,0.6666345000267029,0.049623966217041016
5,1,E,/,46,0.6679151058197021,0.04420812427997589
5,1,E,/,47,0.6684185266494751,0.04082830622792244
5,1,E,/,48,0.6699479222297668,0.04140358418226242
5,1,E,/,49,0.6747026443481445,0.046540386974811554
5,1,E,/,50,0.6787527799606323,0.061747897416353226
5,1,E,/,51,0.6850310564041138,0.08734630048274994
5,1,E,/,52,0.6939422488212585,0.13650330901145935
5,1,E,/,53,0.6951538324356079,0.17461633682250977
5,1,E,/,54,0.6882433295249939,0.14260733127593994
5,1,E,/,55,0.6824505925178528,0.15196193754673004
5,1,E,/,56,0.6805417537689209,0.19367243349552155
5,1,E,/,57,0.6871439814567566,0.20962125062942505
5,1,E,/,58,0.6837138533592224,0.18718914687633514
5,1,E,/,59,0.6813229918479919,0.13992521166801453
5,1,E,/,60,0.6777474284172058,0.08996821194887161
5,1,E,/,61,0.6779479384422302,0.057098615914583206
5,1,E,/,62,0.6838832497596741,0.033908143639564514
5,1,E,/,63,0.6932797431945801,0.029582016170024872
7,1,G,/,0,0.5117460489273071,0.19126959145069122
7,1,G,/,1,0.4838351607322693,0.09688445925712585
7,1,G,/,2,0.46931567788124084,0.06663606315851212
7,1,G,/,3,0.4565953314304352,0.07376337796449661
7,1,G,/,4,0.447331964969635,0.07158805429935455
7,1,G,/,5,0.4426470398902893,0.07333701103925705
7,1,G,/,6,0.4387745261192322,0.07047676295042038
7,1,G,/,7,0.43567362427711487,0.07477252930402756
7,1,G,/,8,0.4286181330680847,0.08503438532352448
7,1,G,/,9,0.4239028990268707,0.09882990270853043
7,1,G,/,10,0.413449764251709,0.10240445286035538
7,1,G,/,11,0.402548223733902,0.11958679556846619
7,1,G,/,12,0.3933013081550598,0.1361396610736847
7,1,G,/,13,0.38653698563575745,0.134752094745636
7,1,G,/,14,0.37824317812919617,0.15732279419898987
7,1,G,/,15,0.3728458285331726,0.16442745923995972
7,1,G,/,16,0.37011006474494934,0.1833183914422989
7,1,G,/,17,0.37071582674980164,0.2361426204442978
7,1,G,/,18,0.39362746477127075,0.30619701743125916
7,1,G,/,19,0.3991777300834656,0.2844504714012146
7,1,G,/,20,0.3972814381122589,0.2235410511493683
7,1,G,/,21,0.4125366806983948,0.14023737609386444
7,1,G,/,22,0.4222429096698761,0.11302855610847473
7,1,G,/,23,0.43357744812965393,0.10165763646364212
7,1,G,/,24,0.4538020193576813,0.1011098250746727
7,1,G,/,25,0.4730967879295349,0.10252652317285538
7,1,G,/,26,0.4903714656829834,0.10295486450195312
7,1,G,/,27,0.5078272223472595,0.10138359665870667
7,1,G,/,28,0.5202032327651978,0.100506491959095
7,1,G,/,29,0.5308843851089478,0.1035751923918724
7,1,G,/,30,0.538413941860199,0.11346795409917831
7,1,G,/,31,0.5317214131355286,0.13261723518371582
7,1,G,/,32,0.504341721534729,0.14091630280017853
7,1,G,/,33,0.4689231514930725,0.12099558115005493
7,1,G,/,34,0.4440898895263672,0.09772714972496033
7,1,G,/,35,0.43012917041778564,0.07960772514343262
7,1,G,/,36,0.42275458574295044,0.07289351522922516
7,1,G,/,37,0.4197027087211609,0.07475141435861588
7,1,G,/,38,0.4212682247161865,0.07788204401731491
7,1,G,/,39,0.4261385500431061,0.08289328962564468
7,1,G,/,40,0.4343453645706177,0.08803233504295349
7,1,G,/,41,0.4465920031070709,0.0917525440454483
7,1,G,/,42,0.45440399646759033,0.0985158309340477
7,1,G,/,43,0.4537458121776581,0.1201295554637909
7,1,G,/,44,0.4550448954105377,0.15961280465126038
7,1,G,/,45,0.45017680525779724,0.21459972858428955
7,1,G,/,46,0.45131656527519226,0.2954840064048767
7,1,G,/,47,0.45094823837280273,0.3232477605342865
7,1,G,/,48,0.4682513177394867,0.3481224775314331
7,1,G,/,49,0.47937965393066406,0.3373126685619354
7,1,G,/,50,0.5097718238830566,0.3195326030254364
7,1,G,/,51,0.5255061388015747,0.33192649483680725
7,1,G,/,52,0.5390403270721436,0.3079180419445038
7,1,G,/,53,0.5350231528282166,0.2854485809803009
7,1,G,/,54,0.5356894731521606,0.30528199672698975
7,1,G,/,55,0.5393702983856201,0.32342055439949036
7,1,G,/,56,0.5424227118492126,0.3016357421875
7,1,G,/,57,0.5308440327644348,0.2856298089027405
7,1,G,/,58,0.5154087543487549,0.25774314999580383
7,1,G,/,59,0.5203406810760498,0.25298717617988586
7,1,G,/,60,0.5252166390419006,0.24834443628787994
7,1,G,/,61,0.5441042184829712,0.2574794292449951
7,1,G,/,62,0.5628886222839355,0.2886493504047394
7,1,G,/,63,0.5708737969398499,0.30242112278938293
9,1,I,/,0,0.17213819921016693,0.03658827394247055
9,1,I,/,1,0.1867840588092804,0.040323447436094284
9,1,I,/,2,0.20675238966941833,0.048352159559726715
9,1,I,/,3,0.23219698667526245,0.05677896365523338
9,1,I,/,4,0.2556043267250061,0.050446443259716034
9,1,I,/,5,0.27767857909202576,0.056005630642175674
9,1,I,/,6,0.2993790805339813,0.06454364955425262
9,1,I,/,7,0.3213947117328644,0.06718798726797104
9,1,I,/,8,0.3415811061859131,0.06789755076169968
9,1,I,/,9,0.3632897734642029,0.06226366385817528
9,1,I,/,10,0.37974879145622253,0.049615152180194855
9,1,I,/,11,0.3911803066730499,0.04235771670937538
9,1,I,/,12,0.400442510843277,0.04140441119670868
9,1,I,/,13,0.4052802324295044,0.04640024155378342
9,1,I,/,14,0.4097568988800049,0.05133980140089989
9,1,I,/,15,0.41360828280448914,0.05107301101088524
9,1,I,/,16,0.4164993166923523,0.04689691215753555
9,1,I,/,17,0.42117011547088623,0.052787747234106064
9,1,I,/,18,0.43043965101242065,0.05280739441514015
9,1,I,/,19,0.4360848069190979,0.05235135927796364
9,1,I,/,20,0.44052812457084656,0.055516939610242844
9,1,I,/,21,0.44667282700538635,0.05239322409033775
9,1,I,/,22,0.45507246255874634,0.05178733542561531
9,1,I,/,23,0.46098119020462036,0.050872787833213806
9,1,I,/,24,0.4652000367641449,0.050887178629636765
9,1,I,/,25,0.4705723226070404,0.05157603695988655
9,1,I,/,26,0.47707632184028625,0.05283951014280319
9,1,I,/,27,0.4823847711086273,0.05333946272730827
9,1,I,/,28,0.48854485154151917,0.05865589529275894
9,1,I,/,29,0.4937174916267395,0.057966139167547226
9,1,I,/,30,0.5014367699623108,0.06079971417784691
9,1,I,/,31,0.510547935962677,0.06276112794876099
9,1,I,/,32,0.5222688913345337,0.06179621443152428
9,1,I,/,33,0.5294273495674133,0.061474356800317764
9,1,I,/,34,0.5306342840194702,0.060448843985795975
9,1,I,/,35,0.5326318740844727,0.059473201632499695
9,1,I,/,36,0.5352783203125,0.059147484600543976
9,1,I,/,37,0.5374763011932373,0.058125369250774384
9,1,I,/,38,0.5408286452293396,0.0620269775390625
9,1,I,/,39,0.5458887219429016,0.061317965388298035
9,1,I,/,40,0.5500949025154114,0.058284275233745575
9,1,I,/,41,0.551213800907135,0.053643159568309784
9,1,I,/,42,0.5567071437835693,0.05628565698862076
9,1,I,/,43,0.5601438283920288,0.05388510972261429
9,1,I,/,44,0.5615780353546143,0.056157492101192474
9,1,I,/,45,0.5644004940986633,0.05547969788312912
9,1,I,/,46,0.5664345026016235,0.060770388692617416
9,1,I,/,47,0.5655897855758667,0.05939817428588867
9,1,I,/,48,0.5656822919845581,0.05493226274847984
9,1,I,/,49,0.5680649280548096,0.05337640270590782
9,1,I,/,50,0.5698971152305603,0.05002410337328911
9,1,I,/,51,0.5715606212615967,0.047474201768636703
9,1,I,/,52,0.579212486743927,0.0503978431224823
9,1,I,/,53,0.593782901763916,0.054741207510232925
9,1,I,/,54,0.6091018319129944,0.053821224719285965
9,1,I,/,55,0.6209583878517151,0.04250887408852577
9,1,I,/,56,0.6316050887107849,0.03608807548880577
9,1,I,/,57,0.6422165632247925,0.049793366342782974
9,1,I,/,58,0.6475422978401184,0.06695404648780823
9,1,I,/,59,0.6505445837974548,0.05335928872227669
9,1,I,/,60,0.6534883975982666,0.05242349952459335
9,1,I,/,61,0.6591458916664124,0.0800558477640152
9,1,I,/,62,0.6589829325675964,0.11090295761823654
9,1,I,/,63,0.6502948999404907,0.1269085854291916
10,2,A,-,0,0.30819234251976013,0.48086896538734436
10,2,A,-,1,0.3087449073791504,0.4019198417663574
10,2,A,-,2,0.30354511737823486,0.3374488651752472
10,2,A,-,3,0.2768627405166626,0.3181523382663727
10,2,A,-,4,0.25345471501350403,0.2607375383377075
10,2,A,-,5,0.27211588621139526,0.26824256777763367
10,2,A,-,6,0.26900359988212585,0.30358242988586426
10,2,A,-,7,0.2537466585636139,0.28093910217285156
10,2,A,-,8,0.2593013644218445,0.19807270169258118
10,2,A,-,9,0.24560081958770752,0.20826208591461182
10,2,A,-,10,0.23786872625350952,0.20475205779075623
10,2,A,-,11,0.23182173073291779,0.20617571473121643
10,2,A,-,12,0.21908028423786163,0.20560088753700256
10,2,A,-,13,0.21257051825523376,0.2249075472354889
10,2,A,-,14,0.2057371288537979,0.1596556007862091
10,2,A,-,15,0.20784316956996918,0.07615511864423752
10,2,A,-,16,0.20769232511520386,0.07742078602313995
10,2,A,-,17,0.20092833042144775,0.09092050790786743
10,2,A,-,18,0.20938514173030853,0.13375192880630493
10,2,A,-,19,0.19777780771255493,0.11532215029001236
10,2,A,-,20,0.1797204315662384,0.10877452045679092
10,2,A,-,21,0.16073110699653625,0.0961119532585144
10,2,A,-,22,0.15519960224628448,0.1139184758067131
10,2,A,-,23,0.1425696760416031,0.15143349766731262
10,2,A,-,24,0.12450980395078659,0.06548383086919785
10,2,A,-,25,0.12589070200920105,0.06411120295524597
10,2,A,-,26,0.12739355862140656,0.06633826345205307
10,2,A,-,27,0.13622204959392548,0.061637815088033676
10,2,A,-,28,0.14988045394420624,0.06111244857311249
10,2,A,-,29,0.1637960821390152,0.0587381087243557
10,2,A,-,30,0.17699556052684784,0.05574630945920944
10,2,A,-,31,0.18863517045974731,0.05276504158973694
10,2,A,-,32,0.1969396471977234,0.049120381474494934
10,2,A,-,33,0.19973649084568024,0.04482792317867279
10,2,A,-,34,0.19795259833335876,0.042574722319841385
10,2,A,-,35,0.19145259261131287,0.048325370997190475
10,2,A,-,36,0.18326042592525482,0.07343144714832306
10,2,A,-,37,0.17874445021152496,0.09689966589212418
10,2,A,-,38,0.17519691586494446,0.07472174614667892
10,2,A,-,39,0.1736694723367691,0.10359104722738266
10,2,A,-,40,0.1706486940383911,0.12826217710971832
10,2,A,-,41,0.1753099411725998,0.12473319470882416
10,2,A,-,42,0.17868094146251678,0.12776431441307068
10,2,A,-,43,0.17238563299179077,0.1523926705121994
10,2,A,-,44,0.17449133098125458,0.14551901817321777
10,2,A,-,45,0.1828877031803131,0.128334179520607
10,2,A,-,46,0.18780167400836945,0.15063606202602386
10,2,A,-,47,0.20454373955726624,0.13750514388084412
10,2,A,-,48,0.19787973165512085,0.12195510417222977
10,2,A,-,49,0.19302219152450562,0.1612204611301422
10,2,A,-,50,0.19105449318885803,0.12771716713905334
10,2,A,-,51,0.18960164487361908,0.10435841232538223
10,2,A,-,52,0.18490897119045258,0.11733603477478027
10,2,A,-,53,0.17845728993415833,0.08676359057426453
10,2,A,-,54,0.1740599125623703,0.1031978651881218
10,2,A,-,55,0.16635094583034515,0.11955003440380096
10,2,A,-,56,0.16587576270103455,0.0978325605392456
10,2,A,-,57,0.1630692034959793,0.08904264122247696
10,2,A,-,58,0.16465865075588226,0.08752003312110901
10,2,A,-,59,0.16765879094600677,0.0913383737206459
10,2,A,-,60,0.16203922033309937,0.09972791373729706
10,2,A,-,61,0.164737269282341,0.07193858176469803
10,2,A,-,62,0.16122551262378693,0.056622568517923355
10,2,A,-,63,0.1558513045310974,0.05874331668019295
12,2,C,-,0,0.0010744024766609073,0.007489320822060108
12,2,C,-,1,0.003938115667551756,0.015128472819924355
12,2,C,-,2,0.010133334435522556,0.02819535695016384
12,2,C,-,3,0.02157631888985634,0.046792395412921906
12,2,C,-,4,0.03308434411883354,0.04468521848320961
12,2,C,-,5,0.03908969461917877,0.03842129558324814
12,2,C,-,6,0.04252900928258896,0.03816632553935051
12,2,C,-,7,0.04473191872239113,0.037539444863796234
12,2,C,-,8,0.04603724554181099,0.03441503643989563
12,2,C,-,9,0.046639859676361084,0.03413137048482895
12,2,C,-,10,0.050025574862957,0.031293321400880814
12,2,C,-,11,0.057303283363580704,0.042744144797325134
12,2,C,-,12,0.07116855680942535,0.06212184950709343
12,2,C,-,13,0.08398246020078659,0.051771655678749084
12,2,C,-,14,0.09520697593688965,0.04189583286643028
12,2,C,-,15,0.10657330602407455,0.0384373813867569
12,2,C,-,16,0.11838236451148987,0.04583349451422691
12,2,C,-,17,0.12710049748420715,0.057987030595541
12,2,C,-,18,0.13683608174324036,0.06260156631469727
12,2,C,-,19,0.13973857462406158,0.05528910830616951
12,2,C,-,20,0.15208788216114044,0.06822676211595535
12,2,C,-,21,0.17765949666500092,0.08659842610359192
12,2,C,-,22,0.19758404791355133,0.08014748990535736
12,2,C,-,23,0.21353627741336823,0.07013475149869919
12,2,C,-,24,0.22679175436496735,0.07229007035493851
12,2,C,-,25,0.2407008856534958,0.06814336776733398
12,2,C,-,26,0.25183358788490295,0.07901487499475479
12,2,C,-,27,0.2651173770427704,0.07150594145059586
12,2,C,-,28,0.2757372558116913,0.06292068213224411
12,2,C,-,29,0.28966277837753296,0.062230274081230164
12,2,C,-,30,0.303303986787796,0.0744280144572258
12,2,C,-,31,0.3060207962989807,0.06950315833091736
12,2,C,-,32,0.31738561391830444,0.05826995521783829
12,2,C,-,33,0.3280012309551239,0.06145321577787399
12,2,C,-,34,0.34065675735473633,0.060554903000593185
12,2,C,-,35,0.347723126411438,0.04359016194939613
12,2,C,-,36,0.34736672043800354,0.03480956703424454
12,2,C,-,37,0.344208300113678,0.03730696812272072
12,2,C,-,38,0.3411429524421692,0.03805987909436226
12,2,C,-,39,0.3386130630970001,0.039262693375349045
12,2,C,-,40,0.3402436077594757,0.0508960597217083
12,2,C,-,41,0.3473314642906189,0.06727097928524017
12,2,C,-,42,0.3497683107852936,0.06327912956476212
12,2,C,-,43,0.36216410994529724,0.06372345238924026
12,2,C,-,44,0.3766185939311981,0.06651706248521805
12,2,C,-,45,0.3885730504989624,0.0637291818857193
12,2,C,-,46,0.40667423605918884,0.062407173216342926
12,2,C,-,47,0.42786577343940735,0.07159427553415298
12,2,C,-,48,0.4426681697368622,0.04950355365872383
12,2,C,-,49,0.45436805486679077,0.058634497225284576
12,2,C,-,50,0.47378695011138916,0.05999786779284477
12,2,C,-,51,0.4891491234302521,0.047027722001075745
12,2,C,-,52,0.5019958019256592,0.052952732890844345
12,2,C,-,53,0.5172151923179626,0.04648933187127113
12,2,C,-,54,0.528885543346405,0.048256754875183105
12,2,C,-,55,0.54313725233078,0.04497302696108818
12,2,C,-,56,0.5553303360939026,0.045202139765024185
12,2,C,-,57,0.5660833120346069,0.03730783239006996
12,2,C,-,58,0.5713205337524414,0.022289931774139404
12,2,C,-,59,0.576392412185669,0.021749773994088173
12,2,C,-,60,0.581788182258606,0.02613031305372715
12,2,C,-,61,0.581145167350769,0.020685730502009392
12,2,C,-,62,0.5787908434867859,0.020214224234223366
12,2,C,-,63,0.5766479969024658,0.023335767909884453
13,2,D,/,0,0.34390291571617126,0.4295884668827057
13,2,D,/,1,0.3392619788646698,0.42275378108024597
13,2,D,/,2,0.3422932028770447,0.5238302946090698
13,2,D,/,3,0.34070855379104614,0.4839196503162384
13,2,D,/,4,0.35978934168815613,0.4240540564060211
13,2,D,/,5,0.38543421030044556,0.42768430709838867
13,2,D,/,6,0.4002287685871124,0.4114099144935608
13,2,D,/,7,0.42253321409225464,0.4396747648715973
13,2,D,/,8,0.44112980365753174,0.4310239851474762
13,2,D,/,9,0.44870835542678833,0.40523046255111694
13,2,D,/,10,0.44998469948768616,0.4069637060165405
13,2,D,/,11,0.45374226570129395,0.39771223068237305
13,2,D,/,12,0.46443885564804077,0.380638986825943
13,2,D,/,13,0.47151461243629456,0.38667216897010803
13,2,D,/,14,0.4735058844089508,0.40638336539268494
13,2,D,/,15,0.46821343898773193,0.39453476667404175
13,2,D,/,16,0.4688985049724579,0.3919420540332794
13,2,D,/,17,0.4615016281604767,0.3862336277961731
13,2,D,/,18,0.4452877938747406,0.3454465866088867
13,2,D,/,19,0.44525620341300964,0.32477810978889465
13,2,D,/,20,0.437184602022171,0.2630870044231415
13,2,D,/,21,0.4255673885345459,0.2058524191379547
13,2,D,/,22,0.4054871201515198,0.09708117693662643
13,2,D,/,23,0.3942987620830536,0.058220699429512024
13,2,D,/,24,0.38396304845809937,0.04624171927571297
13,2,D,/,25,0.3753909766674042,0.051087286323308945
13,2,D,/,26,0.36228278279304504,0.05383848026394844
13,2,D,/,27,0.34854137897491455,0.05093373358249664
13,2,D,/,28,0.33709612488746643,0.03934595361351967
13,2,D,/,29,0.33050021529197693,0.02916567772626877
13,2,D,/,30,0.32817333936691284,0.020510947331786156
13,2,D,/,31,0.3279702365398407,0.017997190356254578
13,2,D,/,32,0.32931840419769287,0.018849773332476616
13,2,D,/,33,0.3314037024974823,0.022888941690325737
13,2,D,/,34,0.33423832058906555,0.02932928502559662
13,2,D,/,35,0.33495932817459106,0.07052338123321533
13,2,D,/,36,0.3287476599216461,0.09354209899902344
13,2,D,/,37,0.3270082175731659,0.11270880699157715
13,2,D,/,38,0.3267710208892822,0.16025836765766144
13,2,D,/,39,0.3249209523200989,0.21351183950901031
13,2,D,/,40,0.31805819272994995,0.21308256685733795
13,2,D,/,41,0.3124183118343353,0.24982857704162598
13,2,D,/,42,0.31204482913017273,0.30471178889274597
13,2,D,/,43,0.3048199415206909,0.31429797410964966
13,2,D,/,44,0.30491384863853455,0.3255877196788788
13,2,D,/,45,0.31123432517051697,0.37285909056663513
13,2,D,/,46,0.30429771542549133,0.39377185702323914
13,2,D,/,47,0.3091128468513489,0.35889628529548645
13,2,D,/,48,0.30780312418937683,0.3251364827156067
13,2,D,/,49,0.31311479210853577,0.3335408866405487
13,2,D,/,50,0.3120379149913788,0.30290383100509644
13,2,D,/,51,0.3238641917705536,0.3068731725215912
13,2,D,/,52,0.33406662940979004,0.31071361899375916
13,2,D,/,53,0.327737957239151,0.299195259809494
13,2,D,/,54,0.31855079531669617,0.26029837131500244
13,2,D,/,55,0.324481338262558,0.3026010990142822
13,2,D,/,56,0.3241110146045685,0.31131651997566223
13,2,D,/,57,0.31319692730903625,0.305728942155838
13,2,D,/,58,0.308854877948761,0.31492918729782104
13,2,D,/,59,0.30358490347862244,0.2669731676578522
13,2,D,/,60,0.2922024726867676,0.1521618366241455
13,2,D,/,61,0.2998925447463989,0.14536334574222565
13,2,D,/,62,0.3180934190750122,0.20545953512191772
13,2,D,/,63,0.3290690779685974,0.25702810287475586
14,2,E,-,0,0.382791668176651,0.056043658405542374
14,2,E,-,1,0.38661372661590576,0.055597223341464996
14,2,E,-,2,0.3918117582798004,0.05473524332046509
14,2,E,-,3,0.3938177227973938,0.05588254705071449
14,2,E,-,4,0.3942421078681946,0.056658629328012466
14,2,E,-,5,0.3955272436141968,0.057985298335552216
14,2,E,-,6,0.4028811752796173,0.06090917810797691
14,2,E,-,7,0.4116670489311218,0.053131308406591415
14,2,E,-,8,0.41349485516548157,0.05355888977646828
14,2,E,-,9,0.412284255027771,0.05087529867887497
14,2,E,-,10,0.4155328571796417,0.05695449933409691
14,2,E,-,11,0.4167919456958771,0.0647328719496727
14,2,E,-,12,0.4184120297431946,0.06285890936851501
14,2,E,-,13,0.4215596914291382,0.05419490858912468
14,2,E,-,14,0.42530861496925354,0.058678653091192245
14,2,E,-,15,0.4291130006313324,0.05298107862472534
14,2,E,-,16,0.4316553771495819,0.05411715805530548
14,2,E,-,17,0.4384389817714691,0.05528251826763153
14,2,E,-,18,0.44964781403541565,0.06592432409524918
14,2,E,-,19,0.46003738045692444,0.05448148772120476
14,2,E,-,20,0.4665214419364929,0.053402867168188095
14,2,E,-,21,0.4757874011993408,0.0654418021440506
14,2,E,-,22,0.4874825179576874,0.07043004781007767
14,2,E,-,23,0.5032679438591003,0.06517494469881058
14,2,E,-,24,0.5187627077102661,0.07283882796764374
14,2,E,-,25,0.5389903783798218,0.07695840299129486
14,2,E,-,26,0.5559766292572021,0.07739380747079849
14,2,E,-,27,0.5772128701210022,0.08976342529058456
14,2,E,-,28,0.6009246110916138,0.08058056235313416
14,2,E,-,29,0.6197176575660706,0.0765150859951973
14,2,E,-,30,0.6371623277664185,0.06978606432676315
14,2,E,-,31,0.6503191590309143,0.056795667856931686
14,2,E,-,32,0.6621914505958557,0.05024069920182228
14,2,E,-,33,0.6730373501777649,0.048445478081703186
14,2,E,-,34,0.682888388633728,0.042376428842544556
14,2,E,-,35,0.6886274218559265,0.03403307870030403
14,2,E,-,36,0.6931777000427246,0.029401840642094612
14,2,E,-,37,0.6977754235267639,0.02691514603793621
14,2,E,-,38,0.6996312737464905,0.03886071965098381
14,2,E,-,39,0.6893811225891113,0.06773504614830017
14,2,E,-,40,0.6669602990150452,0.1005648747086525
14,2,E,-,41,0.6315658688545227,0.13652671873569489
14,2,E,-,42,0.5876826643943787,0.1454937905073166
14,2,E,-,43,0.5415396094322205,0.14630001783370972
14,2,E,-,44,0.4938032031059265,0.14763416349887848
14,2,E,-,45,0.4456140995025635,0.1507873833179474
14,2,E,-,46,0.3910633325576782,0.14977289736270905
14,2,E,-,47,0.34394800662994385,0.14890871942043304
14,2,E,-,48,0.29939019680023193,0.14589868485927582
14,2,E,-,49,0.25556477904319763,0.13855651021003723
14,2,E,-,50,0.21877653896808624,0.11282866448163986
14,2,E,-,51,0.19453464448451996,0.08239351958036423
14,2,E,-,52,0.18221290409564972,0.06366052478551865
14,2,E,-,53,0.18414098024368286,0.05070987716317177
14,2,E,-,54,0.1919531673192978,0.0540190190076828
14,2,E,-,55,0.20284150540828705,0.06006474420428276
14,2,E,-,56,0.2135937213897705,0.06375815719366074
14,2,E,-,57,0.22762925922870636,0.0774896889925003
14,2,E,-,58,0.2478777915239334,0.0818529948592186
14,2,E,-,59,0.2634950280189514,0.07286447286605835
14,2,E,-,60,0.2784627676010132,0.08123903721570969
14,2,E,-,61,0.2989490330219269,0.08062326163053513
14,2,E,-,62,0.32040849328041077,0.07899083942174911
14,2,E,-,63,0.3414248526096344,0.06900667399168015
15,2,F,/,0,0.5542483925819397,0.3263191878795624
15,2,F,/,1,0.5896247625350952,0.3185901939868927
15,2,F,/,2,0.5900532007217407,0.2674567997455597
15,2,F,/,3,0.5605838298797607,0.2890340983867645
15,2,F,/,4,0.5158716440200806,0.2776995301246643
15,2,F,/,5,0.48315829038619995,0.3017599284648895
15,2,F,/,6,0.4618627429008484,0.32990023493766785
15,2,F,/,7,0.4413188099861145,0.3344999849796295
15,2,F,/,8,0.4409274756908417,0.3218294084072113
15,2,F,/,9,0.44285717606544495,0.3351117968559265
15,2,F,/,10,0.4417126178741455,0.29549846053123474
15,2,F,/,11,0.4561074376106262,0.3404405415058136
15,2,F,/,12,0.47138169407844543,0.35754793882369995
15,2,F,/,13,0.48608922958374023,0.3486930727958679
15,2,F,/,14,0.49678435921669006,0.29576197266578674
15,2,F,/,15,0.511335015296936,0.2843112349510193
15,2,F,/,16,0.5322174429893494,0.33727017045021057
15,2,F,/,17,0.5624899864196777,0.35310283303260803
15,2,F,/,18,0.5794433951377869,0.32194840908050537
15,2,F,/,19,0.5866066217422485,0.2647446095943451
15,2,F,/,20,0.5983907580375671,0.22823455929756165
15,2,F,/,21,0.597761332988739,0.22094868123531342
15,2,F,/,22,0.595458447933197,0.1982736438512802
15,2,F,/,23,0.6116387844085693,0.1817040890455246
15,2,F,/,24,0.6183485388755798,0.14429107308387756
15,2,F,/,25,0.6272128224372864,0.10104788839817047
15,2,F,/,26,0.6359955072402954,0.07166921347379684
15,2,F,/,27,0.6453371047973633,0.06054781749844551
15,2,F,/,28,0.6556322574615479,0.05200581252574921
15,2,F,/,29,0.6624089479446411,0.039879169315099716
15,2,F,/,30,0.6610938906669617,0.035912588238716125
15,2,F,/,31,0.6520189046859741,0.045632168650627136
15,2,F,/,32,0.637924075126648,0.055115848779678345
15,2,F,/,33,0.6241051554679871,0.05426721274852753
15,2,F,/,34,0.610367476940155,0.054695453494787216
15,2,F,/,35,0.5965725779533386,0.05547063797712326
15,2,F,/,36,0.587729275226593,0.06457339227199554
15,2,F,/,37,0.5807242393493652,0.06121382117271423
15,2,F,/,38,0.5764864087104797,0.05791233479976654
15,2,F,/,39,0.5785421133041382,0.0642644464969635
15,2,F,/,40,0.580708384513855,0.060464635491371155
15,2,F,/,41,0.5798318982124329,0.057965122163295746
15,2,F,/,42,0.5762682557106018,0.058471664786338806
15,2,F,/,43,0.5689243078231812,0.06363357603549957
15,2,F,/,44,0.5642930865287781,0.06473901867866516
15,2,F,/,45,0.5613629221916199,0.0624566413462162
15,2,F,/,46,0.5583193302154541,0.07021977752447128
15,2,F,/,47,0.5573931336402893,0.08581719547510147
15,2,F,/,48,0.5612644553184509,0.11593779176473618
15,2,F,/,49,0.5720186829566956,0.13874569535255432
15,2,F,/,50,0.5996143221855164,0.20885999500751495
15,2,F,/,51,0.6368404626846313,0.3041975498199463
15,2,F,/,52,0.6547903418540955,0.3196834325790405
15,2,F,/,53,0.6539454460144043,0.29923775792121887
15,2,F,/,54,0.6614217758178711,0.26239413022994995
15,2,F,/,55,0.6866324543952942,0.26679012179374695
15,2,F,/,56,0.6960618495941162,0.2814883291721344
15,2,F,/,57,0.6808183789253235,0.238127201795578
15,2,F,/,58,0.6878145337104797,0.24672462046146393
15,2,F,/,59,0.6802139282226562,0.22883179783821106
15,2,F,/,60,0.665640652179718,0.1665356308221817
15,2,F,/,61,0.6395111083984375,0.14138221740722656
15,2,F,/,62,0.6184281706809998,0.10560014098882675
15,2,F,/,63,0.6164858937263489,0.13461662828922272
17,2,H,/,0,0.2592717111110687,0.24931661784648895
17,2,H,/,1,0.238011434674263,0.25955331325531006
17,2,H,/,2,0.21898455917835236,0.20040297508239746
17,2,H,/,3,0.21040554344654083,0.14608098566532135
17,2,H,/,4,0.20532633364200592,0.12735235691070557
17,2,H,/,5,0.20112046599388123,0.09856397658586502
17,2,H,/,6,0.19129085540771484,0.06459198892116547
17,2,H,/,7,0.189073383808136,0.04593643918633461
17,2,H,/,8,0.19000934064388275,0.05391615256667137
17,2,H,/,9,0.1896047443151474,0.05943441763520241
17,2,H,/,10,0.19941790401935577,0.056352414190769196
17,2,H,/,11,0.2063477635383606,0.052327752113342285
17,2,H,/,12,0.20949111878871918,0.05748828873038292
17,2,H,/,13,0.21678246557712555,0.05778275430202484
17,2,H,/,14,0.2264000028371811,0.0517963208258152
17,2,H,/,15,0.22991955280303955,0.04806220158934593
17,2,H,/,16,0.23479995131492615,0.05322977527976036
17,2,H,/,17,0.2328232228755951,0.054277606308460236
17,2,H,/,18,0.229190394282341,0.05358700454235077
17,2,H,/,19,0.22201141715049744,0.06512896716594696
17,2,H,/,20,0.20824937522411346,0.07150982320308685
17,2,H,/,21,0.19990737736225128,0.07114563882350922
17,2,H,/,22,0.18976983428001404,0.08235574513673782
17,2,H,/,23,0.18821954727172852,0.09323763847351074
17,2,H,/,24,0.18617887794971466,0.10737324506044388
17,2,H,/,25,0.18739384412765503,0.1000094786286354
17,2,H,/,26,0.18519051373004913,0.0969797745347023
17,2,H,/,27,0.17706042528152466,0.11691794544458389
17,2,H,/,28,0.1652139574289322,0.12092267721891403
17,2,H,/,29,0.16891558468341827,0.0997561439871788
17,2,H,/,30,0.19201399385929108,0.09897364675998688
17,2,H,/,31,0.2142292708158493,0.08881472051143646
17,2,H,/,32,0.23507626354694366,0.09009745717048645
17,2,H,/,33,0.26224711537361145,0.09395967423915863
17,2,H,/,34,0.29511788487434387,0.10277508199214935
17,2,H,/,35,0.3297306299209595,0.10795238614082336
17,2,H,/,36,0.3639310300350189,0.09744677692651749
17,2,H,/,37,0.38938966393470764,0.07926402240991592
17,2,H,/,38,0.4093928039073944,0.08389033377170563
17,2,H,/,39,0.4163820445537567,0.08894386887550354
17,2,H,/,40,0.4124762713909149,0.074066661298275
17,2,H,/,41,0.41042637825012207,0.10704084485769272
17,2,H,/,42,0.3966542184352875,0.1762656420469284
17,2,H,/,43,0.3835950195789337,0.1839052140712738
17,2,H,/,44,0.36767491698265076,0.23333443701267242
17,2,H,/,45,0.352748304605484,0.22301045060157776
17,2,H,/,46,0.3330131769180298,0.24463236331939697
17,2,H,/,47,0.3123754560947418,0.27089783549308777
17,2,H,/,48,0.31556621193885803,0.2800930142402649
17,2,H,/,49,0.3145451843738556,0.28157299757003784
17,2,H,/,50,0.2989392578601837,0.2473960965871811
17,2,H,/,51,0.301626056432724,0.21763361990451813
17,2,H,/,52,0.30997928977012634,0.2539327144622803
17,2,H,/,53,0.3158935308456421,0.24455411732196808
17,2,H,/,54,0.3170337975025177,0.2218175083398819
17,2,H,/,55,0.3235863745212555,0.19144469499588013
17,2,H,/,56,0.32239946722984314,0.1569388061761856
17,2,H,/,57,0.3206649720668793,0.18362708389759064
17,2,H,/,58,0.31272268295288086,0.16771262884140015
17,2,H,/,59,0.30821943283081055,0.15167662501335144
17,2,H,/,60,0.31117191910743713,0.16991378366947174
17,2,H,/,61,0.32890141010284424,0.23363324999809265
17,2,H,/,62,0.3357882499694824,0.2415820211172104
17,2,H,/,63,0.32217782735824585,0.2766108214855194
18,2,I,-,0,0.13276033103466034,0.3229283094406128
18,2,I,-,1,0.16482171416282654,0.37152034044265747
18,2,I,-,2,0.16790589690208435,0.35891810059547424
18,2,I,-,3,0.16848905384540558,0.33766457438468933
18,2,I,-,4,0.17847806215286255,0.2970292866230011
18,2,I,-,5,0.18922752141952515,0.30256757140159607
18,2,I,-,6,0.20547419786453247,0.32769775390625
18,2,I,-,7,0.21806202828884125,0.32777759432792664
18,2,I,-,8,0.2266765534877777,0.33353304862976074
18,2,I,-,9,0.22803755104541779,0.3029719293117523
18,2,I,-,10,0.23080991208553314,0.29371869564056396
18,2,I,-,11,0.2564740478992462,0.2882167100906372
18,2,I,-,12,0.26895275712013245,0.2995271682739258
18,2,I,-,13,0.2668278217315674,0.3003126084804535
18,2,I,-,14,0.2691539525985718,0.2614840269088745
18,2,I,-,15,0.28009337186813354,0.3219239115715027
18,2,I,-,16,0.2895173728466034,0.31998443603515625
18,2,I,-,17,0.3006725013256073,0.3052709698677063
18,2,I,-,18,0.31724727153778076,0.2630617916584015
18,2,I,-,19,0.3248926103115082,0.20398004353046417
18,2,I,-,20,0.333369642496109,0.15996383130550385
18,2,I,-,21,0.3416377902030945,0.12931635975837708
18,2,I,-,22,0.3544292747974396,0.1306632161140442
18,2,I,-,23,0.35832470655441284,0.11963478475809097
18,2,I,-,24,0.37124747037887573,0.09175248444080353
18,2,I,-,25,0.38012513518333435,0.08202754706144333
18,2,I,-,26,0.39030277729034424,0.09040530771017075
18,2,I,-,27,0.40479305386543274,0.07757840305566788
18,2,I,-,28,0.425872802734375,0.07063151895999908
18,2,I,-,29,0.44630590081214905,0.067828468978405
18,2,I,-,30,0.46652770042419434,0.06793531030416489
18,2,I,-,31,0.4878123700618744,0.07116594165563583
18,2,I,-,32,0.5109880566596985,0.07731927931308746
18,2,I,-,33,0.5357204079627991,0.08509592711925507
18,2,I,-,34,0.5620757341384888,0.09231097996234894
18,2,I,-,35,0.590316116809845,0.09435837715864182
18,2,I,-,36,0.615686297416687,0.0948069840669632
18,2,I,-,37,0.6329379081726074,0.08976607024669647
18,2,I,-,38,0.6447796821594238,0.06997612863779068
18,2,I,-,39,0.6545284390449524,0.09456253796815872
18,2,I,-,40,0.6612939834594727,0.10728882998228073
18,2,I,-,41,0.6637298464775085,0.12177218496799469
18,2,I,-,42,0.6757218837738037,0.1493709683418274
18,2,I,-,43,0.6878177523612976,0.17138203978538513
18,2,I,-,44,0.6935256123542786,0.16909469664096832
18,2,I,-,45,0.7058823704719543,0.17990276217460632
18,2,I,-,46,0.7156485915184021,0.19640915095806122
18,2,I,-,47,0.7244532704353333,0.20392265915870667
18,2,I,-,48,0.7233511209487915,0.21820688247680664
18,2,I,-,49,0.7230968475341797,0.22044512629508972
18,2,I,-,50,0.7227252125740051,0.22862163186073303
18,2,I,-,51,0.7171857357025146,0.20861737430095673
18,2,I,-,52,0.7037639617919922,0.20043711364269257
18,2,I,-,53,0.6834758520126343,0.18924134969711304
18,2,I,-,54,0.6741023063659668,0.20361170172691345
18,2,I,-,55,0.6609670519828796,0.2306567281484604
18,2,I,-,56,0.660520613193512,0.25942161679267883
18,2,I,-,57,0.6525198817253113,0.22970518469810486
18,2,I,-,58,0.6496889591217041,0.23998115956783295
18,2,I,-,59,0.6375752091407776,0.26375484466552734
18,2,I,-,60,0.6017882227897644,0.16804239153862
18,2,I,-,61,0.5792627334594727,0.09600590169429779
18,2,I,-,62,0.5620098114013672,0.07972107082605362
18,2,I,-,63,0.5463933944702148,0.06388674676418304
19,3,A,-,0,0.30819234251976013,0.48086896538734436
19,3,A,-,1,0.3087449073791504,0.4019198417663574
19,3,A,-,2,0.30354511737823486,0.3374488651752472
19,3,A,-,3,0.2768627405166626,0.3181523382663727
19,3,A,-,4,0.25345471501350403,0.2607375383377075
19,3,A,-,5,0.27211588621139526,0.26824256777763367
19,3,A,-,6,0.26900359988212585,0.30358242988586426
19,3,A,-,7,0.2537466585636139,0.28093910217285156
19,3,A,-,8,0.2593013644218445,0.19807270169258118
19,3,A,-,9,0.24560081958770752,0.20826208591461182
19,3,A,-,10,0.23786872625350952,0.20475205779075623
19,3,A,-,11,0.23182173073291779,0.20617571473121643
19,3,A,-,12,0.21908028423786163,0.20560088753700256
19,3,A,-,13,0.21257051825523376,0.2249075472354889
19,3,A,-,14,0.2057371288537979,0.1596556007862091
19,3,A,-,15,0.20784316956996918,0.07615511864423752
19,3,A,-,16,0.20769232511520386,0.07742078602313995
19,3,A,-,17,0.20092833042144775,0.09092050790786743
19,3,A,-,18,0.20938514173030853,0.13375192880630493
19,3,A,-,19,0.19777780771255493,0.11532215029001236
19,3,A,-,20,0.1797204315662384,0.10877452045679092
19,3,A,-,21,0.16073110699653625,0.0961119532585144
19,3,A,-,22,0.15519960224628448,0.1139184758067131
19,3,A,-,23,0.1425696760416031,0.15143349766731262
19,3,A,-,24,0.12450980395078659,0.06548383086919785
19,3,A,-,25,0.12589070200920105,0.06411120295524597
19,3,A,-,26,0.12739355862140656,0.06633826345205307
19,3,A,-,27,0.13622204959392548,0.061637815088033676
19,3,A,-,28,0.14988045394420624,0.06111244857311249
19,3,A,-,29,0.1637960821390152,0.0587381087243557
19,3,A,-,30,0.17699556052684784,0.05574630945920944
19,3,A,-,31,0.18863517045974731,0.05276504158973694
19,3,A,-,32,0.1969396471977234,0.049120381474494934
19,3,A,-,33,0.19973649084568024,0.04482792317867279
19,3,A,-,34,0.19795259833335876,0.042574722319841385
19,3,A,-,35,0.19145259261131287,0.048325370997190475
19,3,A,-,36,0.18326042592525482,0.07343144714832306
19,3,A,-,37,0.17874445021152496,0.09689966589212418
19,3,A,-,38,0.17519691586494446,0.07472174614667892
19,3,A,-,39,0.1736694723367691,0.10359104722738266
19,3,A,-,40,0.1706486940383911,0.12826217710971832
19,3,A,-,41,0.1753099411725998,0.12473319470882416
19,3,A,-,42,0.17868094146251678,0.12776431441307068
19,3,A,-,43,0.17238563299179077,0.1523926705121994
19,3,A,-,44,0.17449133098125458,0.14551901817321777
19,3,A,-,45,0.1828877031803131,0.128334179520607
19,3,A,-,46,0.18780167400836945,0.15063606202602386
19,3,A,-,47,0.20454373955726624,0.13750514388084412
19,3,A,-,48,0.19787973165512085,0.12195510417222977
19,3,A,-,49,0.19302219152450562,0.1612204611301422
19,3,A,-,50,0.19105449318885803,0.12771716713905334
19,3,A,-,51,0.18960164487361908,0.10435841232538223
19,3,A,-,52,0.18490897119045258,0.11733603477478027
19,3,A,-,53,0.17845728993415833,0.08676359057426453
19,3,A,-,54,0.1740599125623703,0.1031978651881218
19,3,A,-,55,0.16635094583034515,0.11955003440380096
19,3,A,-,56,0.16587576270103455,0.0978325605392456
19,3,A,-,57,0.1630692034959793,0.08904264122247696
19,3,A,-,58,0.16465865075588226,0.08752003312110901
19,3,A,-,59,0.16765879094600677,0.0913383737206459
19,3,A,-,60,0.16203922033309937,0.09972791373729706
19,3,A,-,61,0.164737269282341,0.07193858176469803
19,3,A,-,62,0.16122551262378693,0.056622568517923355
19,3,A,-,63,0.1558513045310974,0.05874331668019295
20,3,B,/,0,0.3071148693561554,0.06046561896800995
20,3,B,/,1,0.30489423871040344,0.05355837196111679
20,3,B,/,2,0.3014933466911316,0.04766540601849556
20,3,B,/,3,0.2975713014602661,0.04226274415850639
20,3,B,/,4,0.29323968291282654,0.04388673976063728
20,3,B,/,5,0.2851365804672241,0.04492305591702461
20,3,B,/,6,0.2781209349632263,0.04223597049713135
20,3,B,/,7,0.272011399269104,0.051886506378650665
20,3,B,/,8,0.26397448778152466,0.04529355838894844
20,3,B,/,9,0.25630253553390503,0.03592609614133835
20,3,B,/,10,0.24928005039691925,0.035478509962558746
20,3,B,/,11,0.24052798748016357,0.029609430581331253
20,3,B,/,12,0.23129625618457794,0.02731078676879406
20,3,B,/,13,0.2222016602754593,0.026596786454319954
20,3,B,/,14,0.21424314379692078,0.02521440200507641
20,3,B,/,15,0.20764005184173584,0.0235633235424757
20,3,B,/,16,0.20020724833011627,0.02434147521853447
20,3,B,/,17,0.1947234570980072,0.026441726833581924
20,3,B,/,18,0.19505061209201813,0.029950212687253952
20,3,B,/,19,0.199414923787117,0.048452939838171005
20,3,B,/,20,0.19864073395729065,0.05507151409983635
20,3,B,/,21,0.19269725680351257,0.04742401838302612
20,3,B,/,22,0.1927458941936493,0.05190739408135414
20,3,B,/,23,0.19549572467803955,0.07656630873680115
20,3,B,/,24,0.1942770779132843,0.07446657866239548
20,3,B,/,25,0.1961578130722046,0.06786896288394928
20,3,B,/,26,0.1972580850124359,0.07134290784597397
20,3,B,/,27,0.20047825574874878,0.07161734998226166
20,3,B,/,28,0.20446141064167023,0.05835198983550072
20,3,B,/,29,0.2069147825241089,0.05401246249675751
20,3,B,/,30,0.20877985656261444,0.06170649826526642
20,3,B,/,31,0.21537627279758453,0.07830959558486938
20,3,B,/,32,0.22021476924419403,0.0776585191488266
20,3,B,/,33,0.22561469674110413,0.07506043463945389
20,3,B,/,34,0.22733986377716064,0.07351569086313248
20,3,B,/,35,0.22867846488952637,0.07665163278579712
20,3,B,/,36,0.22846302390098572,0.0752439871430397
20,3,B,/,37,0.22689755260944366,0.07748191803693771
20,3,B,/,38,0.2215370088815689,0.07664179056882858
20,3,B,/,39,0.21345669031143188,0.06650587171316147
20,3,B,/,40,0.20630930364131927,0.07936335355043411
20,3,B,/,41,0.1956271529197693,0.07105910778045654
20,3,B,/,42,0.18362902104854584,0.07103081047534943
20,3,B,/,43,0.17347083985805511,0.06478490680456161
20,3,B,/,44,0.16364213824272156,0.05999233201146126
20,3,B,/,45,0.1540340930223465,0.03912380337715149
20,3,B,/,46,0.14773911237716675,0.046798717230558395
20,3,B,/,47,0.13759241998195648,0.04167470335960388
20,3,B,/,48,0.12651462852954865,0.05108071491122246
20,3,B,/,49,0.11541305482387543,0.05421251803636551
20,3,B,/,50,0.10811636596918106,0.06705731153488159
20,3,B,/,51,0.10170573741197586,0.07877345383167267
20,3,B,/,52,0.09711462259292603,0.08248458057641983
20,3,B,/,53,0.09312929213047028,0.08717363327741623
20,3,B,/,54,0.09369806200265884,0.07281967252492905
20,3,B,/,55,0.09061916172504425,0.054981887340545654
20,3,B,/,56,0.0840977132320404,0.05239575356245041
20,3,B,/,57,0.08531969785690308,0.05099324882030487
20,3,B,/,58,0.09085863083600998,0.0677265152335167
20,3,B,/,59,0.10475342720746994,0.08645392954349518
20,3,B,/,60,0.12220702320337296,0.07864411175251007
20,3,B,/,61,0.1381950080394745,0.08871310949325562
20,3,B,/,62,0.1527498960494995,0.10644392669200897
20,3,B,/,63,0.16424903273582458,0.15969133377075195
21,3,C,-,0,0.0010744024766609073,0.007489320822060108
21,3,C,-,1,0.003938115667551756,0.015128472819924355
21,3,C,-,2,0.010133334435522556,0.02819535695016384
21,3,C,-,3,0.02157631888985634,0.046792395412921906
21,3,C,-,4,0.03308434411883354,0.04468521848320961
21,3,C,-,5,0.03908969461917877,0.03842129558324814
21,3,C,-,6,0.04252900928258896,0.03816632553935051
21,3,C,-,7,0.04473191872239113,0.037539444863796234
21,3,C,-,8,0.04603724554181099,0.03441503643989563
21,3,C,-,9,0.046639859676361084,0.03413137048482895
21,3,C,-,10,0.050025574862957,0.031293321400880814
21,3,C,-,11,0.057303283363580704,0.042744144797325134
21,3,C,-,12,0.07116855680942535,0.06212184950709343
21,3,C,-,13,0.08398246020078659,0.051771655678749084
21,3,C,-,14,0.09520697593688965,0.04189583286643028
21,3,C,-,15,0.10657330602407455,0.0384373813867569
21,3,C,-,16,0.11838236451148987,0.04583349451422691
21,3,C,-,17,0.12710049748420715,0.057987030595541
21,3,C,-,18,0.13683608174324036,0.06260156631469727
21,3,C,-,19,0.13973857462406158,0.05528910830616951
21,3,C,-,20,0.15208788216114044,0.06822676211595535
21,3,C,-,21,0.17765949666500092,0.08659842610359192
21,3,C,-,22,0.19758404791355133,0.08014748990535736
21,3,C,-,23,0.21353627741336823,0.07013475149869919
21,3,C,-,24,0.22679175436496735,0.07229007035493851
21,3,C,-,25,0.2407008856534958,0.06814336776733398
21,3,C,-,26,0.25183358788490295,0.07901487499475479
21,3,C,-,27,0.2651173770427704,0.07150594145059586
21,3,C,-,28,0.2757372558116913,0.06292068213224411
21,3,C,-,29,0.28966277837753296,0.062230274081230164
21,3,C,-,30,0.303303986787796,0.0744280144572258
21,3,C,-,31,0.3060207962989807,0.06950315833091736
21,3,C,-,32,0.31738561391830444,0.05826995521783829
21,3,C,-,33,0.3280012309551239,0.06145321577787399
21,3,C,-,34,0.34065675735473633,0.060554903000593185
21,3,C,-,35,0.347723126411438,0.04359016194939613
21,3,C,-,36,0.34736672043800354,0.03480956703424454
21,3,C,-,37,0.344208300113678,0.03730696812272072
21,3,C,-,38,0.3411429524421692,0.03805987909436226
21,3,C,-,39,0.3386130630970001,0.039262693375349045
21,3,C,-,40,0.3402436077594757,0.0508960597217083
21,3,C,-,41,0.3473314642906189,0.06727097928524017
21,3,C,-,42,0.3497683107852936,0.06327912956476212
21,3,C,-,43,0.36216410994529724,0.06372345238924026
21,3,C,-,44,0.3766185939311981,0.06651706248521805
21,3,C,-,45,0.3885730504989624,0.0637291818857193
21,3,C,-,46,0.40667423605918884,0.062407173216342926
21,3,C,-,47,0.42786577343940735,0.07159427553415298
21,3,C,-,48,0.4426681697368622,0.04950355365872383
21,3,C,-,49,0.45436805486679077,0.058634497225284576
21,3,C,-,50,0.47378695011138916,0.05999786779284477
21,3,C,-,51,0.4891491234302521,0.047027722001075745
21,3,C,-,52,0.5019958019256592,0.052952732890844345
21,3,C,-,53,0.5172151923179626,0.04648933187127113
21,3,C,-,54,0.528885543346405,0.048256754875183105
21,3,C,-,55,0.54313725233078,0.04497302696108818
21,3,C,-,56,0.5553303360939026,0.045202139765024185
21,3,C,-,57,0.5660833120346069,0.03730783239006996
21,3,C,-,58,0.5713205337524414,0.022289931774139404
21,3,C,-,59,0.576392412185669,0.021749773994088173
21,3,C,-,60,0.581788182258606,0.02613031305372715
21,3,C,-,61,0.581145167350769,0.020685730502009392
21,3,C,-,62,0.5787908434867859,0.020214224234223366
21,3,C,-,63,0.5766479969024658,0.023335767909884453
23,3,E,-,0,0.382791668176651,0.056043658405542374
23,3,E,-,1,0.38661372661590576,0.055597223341464996
23,3,E,-,2,0.3918117582798004,0.05473524332046509
23,3,E,-,3,0.3938177227973938,0.05588254705071449
23,3,E,-,4,0.3942421078681946,0.056658629328012466
23,3,E,-,5,0.3955272436141968,0.057985298335552216
23,3,E,-,6,0.4028811752796173,0.06090917810797691
23,3,E,-,7,0.4116670489311218,0.053131308406591415
23,3,E,-,8,0.41349485516548157,0.05355888977646828
23,3,E,-,9,0.412284255027771,0.05087529867887497
23,3,E,-,10,0.4155328571796417,0.05695449933409691
23,3,E,-,11,0.4167919456958771,0.0647328719496727
23,3,E,-,12,0.4184120297431946,0.06285890936851501
23,3,E,-,13,0.4215596914291382,0.05419490858912468
23,3,E,-,14,0.42530861496925354,0.058678653091192245
23,3,E,-,15,0.4291130006313324,0.05298107862472534
23,3,E,-,16,0.4316553771495819,0.05411715805530548
23,3,E,-,17,0.4384389817714691,0.05528251826763153
23,3,E,-,18,0.44964781403541565,0.06592432409524918
23,3,E,-,19,0.46003738045692444,0.05448148772120476
23,3,E,-,20,0.4665214419364929,0.053402867168188095
23,3,E,-,21,0.4757874011993408,0.0654418021440506
23,3,E,-,22,0.4874825179576874,0.07043004781007767
23,3,E,-,23,0.5032679438591003,0.06517494469881058
23,3,E,-,24,0.5187627077102661,0.07283882796764374
23,3,E,-,25,0.5389903783798218,0.07695840299129486
23,3,E,-,26,0.5559766292572021,0.07739380747079849
23,3,E,-,27,0.5772128701210022,0.08976342529058456
23,3,E,-,28,0.6009246110916138,0.08058056235313416
23,3,E,-,29,0.6197176575660706,0.0765150859951973
23,3,E,-,30,0.6371623277664185,0.06978606432676315
23,3,E,-,31,0.6503191590309143,0.056795667856931686
23,3,E,-,32,0.6621914505958557,0.05024069920182228
23,3,E,-,33,0.6730373501777649,0.048445478081703186
23,3,E,-,34,0.682888388633728,0.042376428842544556
23,3,E,-,35,0.6886274218559265,0.03403307870030403
23,3,E,-,36,0.6931777000427246,0.029401840642094612
23,3,E,-,37,0.6977754235267639,0.02691514603793621
23,3,E,-,38,0.6996312737464905,0.03886071965098381
23,3,E,-,39,0.6893811225891113,0.06773504614830017
23,3,E,-,40,0.6669602990150452,0.1005648747086525
23,3,E,-,41,0.6315658688545227,0.13652671873569489
23,3,E,-,42,0.5876826643943787,0.1454937905073166
23,3,E,-,43,0.5415396094322205,0.14630001783370972
23,3,E,-,44,0.4938032031059265,0.14763416349887848
23,3,E,-,45,0.4456140995025635,0.1507873833179474
23,3,E,-,46,0.3910633325576782,0.14977289736270905
23,3,E,-,47,0.34394800662994385,0.14890871942043304
23,3,E,-,48,0.29939019680023193,0.14589868485927582
23,3,E,-,49,0.25556477904319763,0.13855651021003723
23,3,E,-,50,0.21877653896808624,0.11282866448163986
23,3,E,-,51,0.19453464448451996,0.08239351958036423
23,3,E,-,52,0.18221290409564972,0.06366052478551865
23,3,E,-,53,0.18414098024368286,0.05070987716317177
23,3,E,-,54,0.1919531673192978,0.0540190190076828
23,3,E,-,55,0.20284150540828705,0.06006474420428276
23,3,E,-,56,0.2135937213897705,0.06375815719366074
23,3,E,-,57,0.22762925922870636,0.0774896889925003
23,3,E,-,58,0.2478777915239334,0.0818529948592186
23,3,E,-,59,0.2634950280189514,0.07286447286605835
23,3,E,-,60,0.2784627676010132,0.08123903721570969
23,3,E,-,61,0.2989490330219269,0.08062326163053513
23,3,E,-,62,0.32040849328041077,0.07899083942174911
23,3,E,-,63,0.3414248526096344,0.06900667399168015
24,3,F,-,0,0.48688334226608276,0.4619489014148712
24,3,F,-,1,0.539985179901123,0.41724467277526855
24,3,F,-,2,0.572674572467804,0.3973522484302521
24,3,F,-,3,0.6056748032569885,0.3762171268463135
24,3,F,-,4,0.6333644986152649,0.31246572732925415
24,3,F,-,5,0.6301913857460022,0.17193114757537842
24,3,F,-,6,0.6194478273391724,0.10812731087207794
24,3,F,-,7,0.6091938018798828,0.10528136789798737
24,3,F,-,8,0.5885483622550964,0.09596069902181625
24,3,F,-,9,0.5742416381835938,0.07840175926685333
24,3,F,-,10,0.5679282546043396,0.07182091474533081
24,3,F,-,11,0.5694221258163452,0.07600661367177963
24,3,F,-,12,0.5846830010414124,0.09549641609191895
24,3,F,-,13,0.6135017275810242,0.09917232394218445
24,3,F,-,14,0.6356027126312256,0.09160491824150085
24,3,F,-,15,0.646610677242279,0.07861840724945068
24,3,F,-,16,0.6553733348846436,0.09363363683223724
24,3,F,-,17,0.6609452962875366,0.08134857565164566
24,3,F,-,18,0.6579858660697937,0.03956864774227142
24,3,F,-,19,0.6477123498916626,0.04321259260177612
24,3,F,-,20,0.6298474669456482,0.05281604081392288
24,3,F,-,21,0.6108419895172119,0.04873402789235115
24,3,F,-,22,0.5954831838607788,0.051277436316013336
24,3,F,-,23,0.5777949690818787,0.0523756667971611
24,3,F,-,24,0.5654157996177673,0.03840259462594986
24,3,F,-,25,0.5608177781105042,0.041926294565200806
24,3,F,-,26,0.5669209361076355,0.04432268068194389
24,3,F,-,27,0.5778422951698303,0.047783177345991135
24,3,F,-,28,0.5828630328178406,0.05936376377940178
24,3,F,-,29,0.5967215299606323,0.08702310174703598
24,3,F,-,30,0.6075189709663391,0.07937942445278168
24,3,F,-,31,0.6212995052337646,0.07169955968856812
24,3,F,-,32,0.6346020102500916,0.06220957264304161
24,3,F,-,33,0.644346296787262,0.04863603413105011
24,3,F,-,34,0.6489015221595764,0.05000670626759529
24,3,F,-,35,0.6513645648956299,0.05200080946087837
24,3,F,-,36,0.6548047661781311,0.05181898921728134
24,3,F,-,37,0.6565331816673279,0.043855346739292145
24,3,F,-,38,0.6556394100189209,0.03460732847452164
24,3,F,-,39,0.6539342403411865,0.03944484889507294
24,3,F,-,40,0.6494082808494568,0.04233666509389877
24,3,F,-,41,0.642433762550354,0.04658361151814461
24,3,F,-,42,0.6294474005699158,0.05880937725305557
24,3,F,-,43,0.6172112822532654,0.059327054768800735
24,3,F,-,44,0.5996670126914978,0.07445893436670303
24,3,F,-,45,0.5855146050453186,0.03865073248744011
24,3,F,-,46,0.5735294818878174,0.0534428171813488
24,3,F,-,47,0.5601810216903687,0.035858649760484695
24,3,F,-,48,0.555155336856842,0.0274188369512558
24,3,F,-,49,0.5509344339370728,0.02046453393995762
24,3,F,-,50,0.546164333820343,0.01925654523074627
24,3,F,-,51,0.5433768630027771,0.018236715346574783
24,3,F,-,52,0.5395132899284363,0.02029195986688137
24,3,F,-,53,0.5341626405715942,0.022274060174822807
24,3,F,-,54,0.5278159976005554,0.025072036311030388
24,3,F,-,55,0.5197408199310303,0.02586132101714611
24,3,F,-,56,0.5116329193115234,0.024460652843117714
24,3,F,-,57,0.5041646361351013,0.025488849729299545
24,3,F,-,58,0.49562960863113403,0.031121782958507538
24,3,F,-,59,0.484587162733078,0.043433669954538345
24,3,F,-,60,0.47079217433929443,0.05349138006567955
24,3,F,-,61,0.4568784534931183,0.053671181201934814
24,3,F,-,62,0.44254904985427856,0.054687533527612686
24,3,F,-,63,0.42796561121940613,0.05129140242934227
26,3,H,-,0,0.20051929354667664,0.13992561399936676
26,3,H,-,1,0.20832300186157227,0.14576542377471924
26,3,H,-,2,0.20100392401218414,0.13742350041866302
26,3,H,-,3,0.20030756294727325,0.10659971088171005
26,3,H,-,4,0.20136944949626923,0.06078898161649704
26,3,H,-,5,0.20261438190937042,0.052775103598833084
26,3,H,-,6,0.20489798486232758,0.05379369482398033
26,3,H,-,7,0.20795702934265137,0.05883289501070976
26,3,H,-,8,0.2120777666568756,0.06075114384293556
26,3,H,-,9,0.21761354804039001,0.062496382743120193
26,3,H,-,10,0.2271270453929901,0.06139376014471054
26,3,H,-,11,0.23386025428771973,0.056553054600954056
26,3,H,-,12,0.23949706554412842,0.05380301550030708
26,3,H,-,13,0.24106009304523468,0.054091066122055054
26,3,H,-,14,0.24166667461395264,0.05235300585627556
26,3,H,-,15,0.24487394094467163,0.04886045306921005
26,3,H,-,16,0.24489067494869232,0.05287015065550804
26,3,H,-,17,0.24290990829467773,0.05316755548119545
26,3,H,-,18,0.23984390497207642,0.052957016974687576
26,3,H,-,19,0.2393464297056198,0.05720100551843643
26,3,H,-,20,0.23936094343662262,0.05540275201201439
26,3,H,-,21,0.2400142103433609,0.050693120807409286
26,3,H,-,22,0.23986344039440155,0.052326202392578125
26,3,H,-,23,0.24308563768863678,0.05573137104511261
26,3,H,-,24,0.24672077596187592,0.06144531071186066
26,3,H,-,25,0.2504630982875824,0.06713883578777313
26,3,H,-,26,0.2572811543941498,0.07451998442411423
26,3,H,-,27,0.2652626931667328,0.07190697640180588
26,3,H,-,28,0.2676072120666504,0.07563774287700653
26,3,H,-,29,0.27101173996925354,0.0745382159948349
26,3,H,-,30,0.2757912874221802,0.0751044973731041
26,3,H,-,31,0.27517107129096985,0.078235924243927
26,3,H,-,32,0.2697731852531433,0.10711810737848282
26,3,H,-,33,0.2594280540943146,0.11880311369895935
26,3,H,-,34,0.24567291140556335,0.1088547334074974
26,3,H,-,35,0.23964788019657135,0.10924310237169266
26,3,H,-,36,0.23396533727645874,0.10318303853273392
26,3,H,-,37,0.23849067091941833,0.11269295960664749
26,3,H,-,38,0.2470085620880127,0.12212131917476654
26,3,H,-,39,0.2550717294216156,0.13315632939338684
26,3,H,-,40,0.26723676919937134,0.14741449058055878
26,3,H,-,41,0.29000261425971985,0.15687087178230286
26,3,H,-,42,0.30035650730133057,0.13586753606796265
26,3,H,-,43,0.2998184561729431,0.12158289551734924
26,3,H,-,44,0.2968553602695465,0.13237284123897552
26,3,H,-,45,0.2841167151927948,0.13886956870555878
26,3,H,-,46,0.2625942826271057,0.13642682135105133
26,3,H,-,47,0.23697210848331451,0.11334341019392014
26,3,H,-,48,0.2202082723379135,0.10461724549531937
26,3,H,-,49,0.20990519225597382,0.09412247687578201
26,3,H,-,50,0.19884341955184937,0.08424776792526245
26,3,H,-,51,0.200904980301857,0.08842124789953232
26,3,H,-,52,0.21516108512878418,0.08647751063108444
26,3,H,-,53,0.2302151322364807,0.07151293009519577
26,3,H,-,54,0.24420678615570068,0.05882057175040245
26,3,H,-,55,0.2558325231075287,0.049919869750738144
26,3,H,-,56,0.2661558985710144,0.03791673108935356
26,3,H,-,57,0.27429917454719543,0.03269769996404648
26,3,H,-,58,0.2812820076942444,0.03036884032189846
26,3,H,-,59,0.28705570101737976,0.02819712460041046
26,3,H,-,60,0.2913725674152374,0.02561245486140251
26,3,H,-,61,0.29298821091651917,0.02675887942314148
26,3,H,-,62,0.2946568727493286,0.028426306322216988
26,3,H,-,63,0.29773756861686707,0.028950080275535583
29,4,B,/,0,0.3071148693561554,0.06046561896800995
29,4,B,/,1,0.30489423871040344,0.05355837196111679
29,4,B,/,2,0.3014933466911316,0.04766540601849556
29,4,B,/,3,0.2975713014602661,0.04226274415850639
29,4,B,/,4,0.29323968291282654,0.04388673976063728
29,4,B,/,5,0.2851365804672241,0.04492305591702461
29,4,B,/,6,0.2781209349632263,0.04223597049713135
29,4,B,/,7,0.272011399269104,0.051886506378650665
29,4,B,/,8,0.26397448778152466,0.04529355838894844
29,4,B,/,9,0.25630253553390503,0.03592609614133835
29,4,B,/,10,0.24928005039691925,0.035478509962558746
29,4,B,/,11,0.24052798748016357,0.029609430581331253
29,4,B,/,12,0.23129625618457794,0.02731078676879406
29,4,B,/,13,0.2222016602754593,0.026596786454319954
29,4,B,/,14,0.21424314379692078,0.02521440200507641
29,4,B,/,15,0.20764005184173584,0.0235633235424757
29,4,B,/,16,0.20020724833011627,0.02434147521853447
29,4,B,/,17,0.1947234570980072,0.026441726833581924
29,4,B,/,18,0.19505061209201813,0.029950212687253952
29,4,B,/,19,0.199414923787117,0.048452939838171005
29,4,B,/,20,0.19864073395729065,0.05507151409983635
29,4,B,/,21,0.19269725680351257,0.04742401838302612
29,4,B,/,22,0.1927458941936493,0.05190739408135414
29,4,B,/,23,0.19549572467803955,0.07656630873680115
29,4,B,/,24,0.1942770779132843,0.07446657866239548
29,4,B,/,25,0.1961578130722046,0.06786896288394928
29,4,B,/,26,0.1972580850124359,0.07134290784597397
29,4,B,/,27,0.20047825574874878,0.07161734998226166
29,4,B,/,28,0.20446141064167023,0.05835198983550072
29,4,B,/,29,0.2069147825241089,0.05401246249675751
29,4,B,/,30,0.20877985656261444,0.06170649826526642
29,4,B,/,31,0.21537627279758453,0.07830959558486938
29,4,B,/,32,0.22021476924419403,0.0776585191488266
29,4,B,/,33,0.22561469674110413,0.07506043463945389
29,4,B,/,34,0.22733986377716064,0.07351569086313248
29,4,B,/,35,0.22867846488952637,0.07665163278579712
29,4,B,/,36,0.22846302390098572,0.0752439871430397
29,4,B,/,37,0.22689755260944366,0.07748191803693771
29,4,B,/,38,0.2215370088815689,0.07664179056882858
29,4,B,/,39,0.21345669031143188,0.06650587171316147
29,4,B,/,40,0.20630930364131927,0.07936335355043411
29,4,B,/,41,0.1956271529197693,0.07105910778045654
29,4,B,/,42,0.18362902104854584,0.07103081047534943
29,4,B,/,43,0.17347083985805511,0.06478490680456161
29,4,B,/,44,0.16364213824272156,0.05999233201146126
29,4,B,/,45,0.1540340930223465,0.03912380337715149
29,4,B,/,46,0.14773911237716675,0.046798717230558395
29,4,B,/,47,0.13759241998195648,0.04167470335960388
29,4,B,/,48,0.12651462852954865,0.05108071491122246
29,4,B,/,49,0.11541305482387543,0.05421251803636551
29,4,B,/,50,0.10811636596918106,0.06705731153488159
29,4,B,/,51,0.10170573741197586,0.07877345383167267
29,4,B,/,52,0.09711462259292603,0.08248458057641983
29,4,B,/,53,0.09312929213047028,0.08717363327741623
29,4,B,/,54,0.09369806200265884,0.07281967252492905
29,4,B,/,55,0.09061916172504425,0.054981887340545654
29,4,B,/,56,0.0840977132320404,0.05239575356245041
29,4,B,/,57,0.08531969785690308,0.05099324882030487
29,4,B,/,58,0.09085863083600998,0.0677265152335167
29,4,B,/,59,0.10475342720746994,0.08645392954349518
29,4,B,/,60,0.12220702320337296,0.07864411175251007
29,4,B,/,61,0.1381950080394745,0.08871310949325562
29,4,B,/,62,0.1527498960494995,0.10644392669200897
29,4,B,/,63,0.16424903273582458,0.15969133377075195
30,4,C,/,0,0.387226939201355,0.07452625781297684
30,4,C,/,1,0.3773660361766815,0.08329461514949799
30,4,C,/,2,0.3694065809249878,0.08413656800985336
30,4,C,/,3,0.363101601600647,0.08852619677782059
30,4,C,/,4,0.3633401691913605,0.11581557244062424
30,4,C,/,5,0.3732143044471741,0.17956411838531494
30,4,C,/,6,0.372254878282547,0.18402768671512604
30,4,C,/,7,0.36957624554634094,0.15740862488746643
30,4,C,/,8,0.3715997636318207,0.15555302798748016
30,4,C,/,9,0.37826019525527954,0.15747107565402985
30,4,C,/,10,0.38016238808631897,0.1604185253381729
30,4,C,/,11,0.3792477548122406,0.18422146141529083
30,4,C,/,12,0.3681391775608063,0.1625945270061493
30,4,C,/,13,0.35176780819892883,0.14960843324661255
30,4,C,/,14,0.3438117802143097,0.15973086655139923
30,4,C,/,15,0.34111398458480835,0.1860746592283249
30,4,C,/,16,0.32539454102516174,0.19146697223186493
30,4,C,/,17,0.31103143095970154,0.17598287761211395
30,4,C,/,18,0.313187837600708,0.1940493881702423
30,4,C,/,19,0.32207465171813965,0.21457594633102417
30,4,C,/,20,0.327099472284317,0.22594504058361053
30,4,C,/,21,0.31641191244125366,0.19709272682666779
30,4,C,/,22,0.31605052947998047,0.15818437933921814
30,4,C,/,23,0.31797781586647034,0.1350148469209671
30,4,C,/,24,0.31938469409942627,0.10805927217006683
30,4,C,/,25,0.325474351644516,0.08194234222173691
30,4,C,/,26,0.3258887231349945,0.06563906371593475
30,4,C,/,27,0.32273241877555847,0.05199190601706505
30,4,C,/,28,0.3164404630661011,0.05009043589234352
30,4,C,/,29,0.31068429350852966,0.047631438821554184
30,4,C,/,30,0.30421534180641174,0.045158401131629944
30,4,C,/,31,0.30039528012275696,0.043992456048727036
30,4,C,/,32,0.29956430196762085,0.04533006623387337
30,4,C,/,33,0.29835045337677,0.04652814194560051
30,4,C,/,34,0.295657753944397,0.044936347752809525
30,4,C,/,35,0.2925713360309601,0.055977970361709595
30,4,C,/,36,0.29278939962387085,0.09913910925388336
30,4,C,/,37,0.29030677676200867,0.12241735309362411
30,4,C,/,38,0.28700190782546997,0.15386635065078735
30,4,C,/,39,0.28420302271842957,0.16449041664600372
30,4,C,/,40,0.27049335837364197,0.1838236004114151
30,4,C,/,41,0.2601151764392853,0.22531279921531677
30,4,C,/,42,0.2730158865451813,0.2765645682811737
30,4,C,/,43,0.280821830034256,0.27175119519233704
30,4,C,/,44,0.28983086347579956,0.28893500566482544
30,4,C,/,45,0.2963837683200836,0.29950371384620667
30,4,C,/,46,0.29229289293289185,0.3129826486110687
30,4,C,/,47,0.2866280972957611,0.3316148817539215
30,4,C,/,48,0.29578229784965515,0.3087158203125
30,4,C,/,49,0.3005143105983734,0.2857862412929535
30,4,C,/,50,0.3049662113189697,0.3091420531272888
30,4,C,/,51,0.3071576654911041,0.2902465760707855
30,4,C,/,52,0.3131834864616394,0.3127530813217163
30,4,C,/,53,0.32687705755233765,0.3003508448600769
30,4,C,/,54,0.33462437987327576,0.2861208915710449
30,4,C,/,55,0.3521438539028168,0.2978075444698334
30,4,C,/,56,0.3704054653644562,0.27487149834632874
30,4,C,/,57,0.3786189556121826,0.27718693017959595
30,4,C,/,58,0.39647239446640015,0.2649378478527069
30,4,C,/,59,0.4025946259498596,0.25822386145591736
30,4,C,/,60,0.4269721806049347,0.2475769966840744
30,4,C,/,61,0.4481869637966156,0.2825831174850464
30,4,C,/,62,0.46229875087738037,0.25810712575912476
30,4,C,/,63,0.49031031131744385,0.2444702684879303
31,4,D,-,0,0.3543200194835663,0.18174445629119873
31,4,D,-,1,0.3595598638057709,0.07013215124607086
31,4,D,-,2,0.3696627616882324,0.06943394243717194
31,4,D,-,3,0.38049980998039246,0.07216888666152954
31,4,D,-,4,0.38607221841812134,0.06527470052242279
31,4,D,-,5,0.39511772990226746,0.06041480600833893
31,4,D,-,6,0.4023529589176178,0.06617917120456696
31,4,D,-,7,0.40187129378318787,0.06104704365134239
31,4,D,-,8,0.39406824111938477,0.0533745102584362
31,4,D,-,9,0.38925760984420776,0.0593937449157238
31,4,D,-,10,0.38676902651786804,0.05322451516985893
31,4,D,-,11,0.3816705644130707,0.05830543488264084
31,4,D,-,12,0.3727249205112457,0.05982844531536102
31,4,D,-,13,0.3666398227214813,0.057366225868463516
31,4,D,-,14,0.36412492394447327,0.054920535534620285
31,4,D,-,15,0.3626890778541565,0.06404777616262436
31,4,D,-,16,0.36129337549209595,0.07692775130271912
31,4,D,-,17,0.3592119514942169,0.07055741548538208
31,4,D,-,18,0.36529603600502014,0.054129328578710556
31,4,D,-,19,0.3704201877117157,0.057745181024074554
31,4,D,-,20,0.37253090739250183,0.0607089065015316
31,4,D,-,21,0.3766658306121826,0.06090660020709038
31,4,D,-,22,0.3790966868400574,0.049672603607177734
31,4,D,-,23,0.3790162205696106,0.05803849548101425
31,4,D,-,24,0.38179513812065125,0.06617055833339691
31,4,D,-,25,0.38049232959747314,0.07181315124034882
31,4,D,-,26,0.37538769841194153,0.072880320250988
31,4,D,-,27,0.3764221966266632,0.07496466487646103
31,4,D,-,28,0.36808541417121887,0.07178927212953568
31,4,D,-,29,0.35552942752838135,0.06771270185709
31,4,D,-,30,0.3374556303024292,0.04875791072845459
31,4,D,-,31,0.32768937945365906,0.04082777723670006
31,4,D,-,32,0.3277355134487152,0.05523713678121567
31,4,D,-,33,0.3226381540298462,0.052778735756874084
31,4,D,-,34,0.31616663932800293,0.047730427235364914
31,4,D,-,35,0.31495797634124756,0.056654397398233414
31,4,D,-,36,0.31157028675079346,0.04283279553055763
31,4,D,-,37,0.30967211723327637,0.03412384167313576
31,4,D,-,38,0.3151332437992096,0.04270455613732338
31,4,D,-,39,0.31717169284820557,0.046104226261377335
31,4,D,-,40,0.3200311064720154,0.047588083893060684
31,4,D,-,41,0.32294028997421265,0.04904695600271225
31,4,D,-,42,0.32698753476142883,0.05710377171635628
31,4,D,-,43,0.333369642496109,0.04997500777244568
31,4,D,-,44,0.33792078495025635,0.0371318981051445
31,4,D,-,45,0.3479688763618469,0.044166337698698044
31,4,D,-,46,0.3567873537540436,0.046339672058820724
31,4,D,-,47,0.3578996956348419,0.057920925319194794
31,4,D,-,48,0.35258468985557556,0.047547802329063416
31,4,D,-,49,0.35179969668388367,0.045127637684345245
31,4,D,-,50,0.34603777527809143,0.05064437538385391
31,4,D,-,51,0.34138941764831543,0.04718530923128128
31,4,D,-,52,0.33653712272644043,0.05571960657835007
31,4,D,-,53,0.3316403329372406,0.05375835672020912
31,4,D,-,54,0.3303454518318176,0.04742789268493652
31,4,D,-,55,0.3257560729980469,0.053493134677410126
31,4,D,-,56,0.32878565788269043,0.05072356015443802
31,4,D,-,57,0.3321341574192047,0.055986188352108
31,4,D,-,58,0.3315379023551941,0.05280930548906326
31,4,D,-,59,0.3370361924171448,0.044944506138563156
31,4,D,-,60,0.34572553634643555,0.052093178033828735
31,4,D,-,61,0.3488157093524933,0.04705975204706192
31,4,D,-,62,0.3519117534160614,0.04811950400471687
31,4,D,-,63,0.3542010188102722,0.046462830156087875
32,4,E,/,0,0.5980205535888672,0.052766069769859314
32,4,E,/,1,0.5984251499176025,0.05489795655012131
32,4,E,/,2,0.5991948843002319,0.05900674685835838
32,4,E,/,3,0.5975713133811951,0.07717633247375488
32,4,E,/,4,0.5900107622146606,0.09130115061998367
32,4,E,/,5,0.571288526058197,0.10268107801675797
32,4,E,/,6,0.5634803771972656,0.11130023002624512
32,4,E,/,7,0.5659076571464539,0.11180083453655243
32,4,E,/,8,0.5718176364898682,0.10778965801000595
32,4,E,/,9,0.5803143978118896,0.09537836164236069
32,4,E,/,10,0.5846660733222961,0.08153608441352844
32,4,E,/,11,0.5860227346420288,0.06423576176166534
32,4,E,/,12,0.5874570608139038,0.04835902526974678
32,4,E,/,13,0.5858886241912842,0.042305927723646164
32,4,E,/,14,0.5847529768943787,0.04239484667778015
32,4,E,/,15,0.5840950012207031,0.04320605844259262
32,4,E,/,16,0.5845686793327332,0.04468672722578049
32,4,E,/,17,0.5848397016525269,0.04554801434278488
32,4,E,/,18,0.5875394940376282,0.04912900552153587
32,4,E,/,19,0.59030681848526,0.052382662892341614
32,4,E,/,20,0.5925318598747253,0.0495200976729393
32,4,E,/,21,0.5991508960723877,0.05026491731405258
32,4,E,/,22,0.6059986352920532,0.04863514378666878
32,4,E,/,23,0.6118119955062866,0.05050969496369362
32,4,E,/,24,0.6157819032669067,0.05287366360425949
32,4,E,/,25,0.6194648742675781,0.055998124182224274
32,4,E,/,26,0.6243582367897034,0.05566397309303284
32,4,E,/,27,0.6298101544380188,0.05749509111046791
32,4,E,/,28,0.6355639100074768,0.05268636718392372
32,4,E,/,29,0.6372788548469543,0.04755319654941559
32,4,E,/,30,0.6378501057624817,0.05187595635652542
32,4,E,/,31,0.6383166909217834,0.0545356310904026
32,4,E,/,32,0.6408963799476624,0.04681335762143135
32,4,E,/,33,0.6428260207176208,0.04691292718052864
32,4,E,/,34,0.6445661187171936,0.050809938460588455
32,4,E,/,35,0.6426908373832703,0.04916571080684662
32,4,E,/,36,0.6416192054748535,0.04511161521077156
32,4,E,/,37,0.6425995230674744,0.04918168857693672
32,4,E,/,38,0.644702672958374,0.047112684696912766
32,4,E,/,39,0.6469006538391113,0.049740858376026154
32,4,E,/,40,0.6493674516677856,0.04921010136604309
32,4,E,/,41,0.6504824757575989,0.04709137976169586
32,4,E,/,42,0.6557890176773071,0.05186876282095909
32,4,E,/,43,0.6589173078536987,0.05002153292298317
32,4,E,/,44,0.6620940566062927,0.05154947564005852
32,4,E,/,45,0.6666345000267029,0.049623966217041016
32,4,E,/,46,0.6679151058197021,0.04420812427997589
32,4,E,/,47,0.6684185266494751,0.04082830622792244
32,4,E,/,48,0.6699479222297668,0.04140358418226242
32,4,E,/,49,0.6747026443481445,0.046540386974811554
32,4,E,/,50,0.6787527799606323,0.061747897416353226
32,4,E,/,51,0.6850310564041138,0.08734630048274994
32,4,E,/,52,0.6939422488212585,0.13650330901145935
32,4,E,/,53,0.6951538324356079,0.17461633682250977
32,4,E,/,54,0.6882433295249939,0.14260733127593994
32,4,E,/,55,0.6824505925178528,0.15196193754673004
32,4,E,/,56,0.6805417537689209,0.19367243349552155
32,4,E,/,57,0.6871439814567566,0.20962125062942505
32,4,E,/,58,0.6837138533592224,0.18718914687633514
32,4,E,/,59,0.6813229918479919,0.13992521166801453
32,4,E,/,60,0.6777474284172058,0.08996821194887161
32,4,E,/,61,0.6779479384422302,0.057098615914583206
32,4,E,/,62,0.6838832497596741,0.033908143639564514
32,4,E,/,63,0.6932797431945801,0.029582016170024872
36,4,I,/,0,0.17213819921016693,0.03658827394247055
36,4,I,/,1,0.1867840588092804,0.040323447436094284
36,4,I,/,2,0.20675238966941833,0.048352159559726715
36,4,I,/,3,0.23219698667526245,0.05677896365523338
36,4,I,/,4,0.2556043267250061,0.050446443259716034
36,4,I,/,5,0.27767857909202576,0.056005630642175674
36,4,I,/,6,0.2993790805339813,0.06454364955425262
36,4,I,/,7,0.3213947117328644,0.06718798726797104
36,4,I,/,8,0.3415811061859131,0.06789755076169968
36,4,I,/,9,0.3632897734642029,0.06226366385817528
36,4,I,/,10,0.37974879145622253,0.049615152180194855
36,4,I,/,11,0.3911803066730499,0.04235771670937538
36,4,I,/,12,0.400442510843277,0.04140441119670868
36,4,I,/,13,0.4052802324295044,0.04640024155378342
36,4,I,/,14,0.4097568988800049,0.05133980140089989
36,4,I,/,15,0.41360828280448914,0.05107301101088524
36,4,I,/,16,0.4164993166923523,0.04689691215753555
36,4,I,/,17,0.42117011547088623,0.052787747234106064
36,4,I,/,18,0.43043965101242065,0.05280739441514015
36,4,I,/,19,0.4360848069190979,0.05235135927796364
36,4,I,/,20,0.44052812457084656,0.055516939610242844
36,4,I,/,21,0.44667282700538635,0.05239322409033775
36,4,I,/,22,0.45507246255874634,0.05178733542561531
36,4,I,/,23,0.46098119020462036,0.050872787833213806
36,4,I,/,24,0.4652000367641449,0.050887178629636765
36,4,I,/,25,0.4705723226070404,0.05157603695988655
36,4,I,/,26,0.47707632184028625,0.05283951014280319
36,4,I,/,27,0.4823847711086273,0.05333946272730827
36,4,I,/,28,0.48854485154151917,0.05865589529275894
36,4,I,/,29,0.4937174916267395,0.057966139167547226
36,4,I,/,30,0.5014367699623108,0.06079971417784691
36,4,I,/,31,0.510547935962677,0.06276112794876099
36,4,I,/,32,0.5222688913345337,0.06179621443152428
36,4,I,/,33,0.5294273495674133,0.061474356800317764
36,4,I,/,34,0.5306342840194702,0.060448843985795975
36,4,I,/,35,0.5326318740844727,0.059473201632499695
36,4,I,/,36,0.5352783203125,0.059147484600543976
36,4,I,/,37,0.5374763011932373,0.058125369250774384
36,4,I,/,38,0.5408286452293396,0.0620269775390625
36,4,I,/,39,0.5458887219429016,0.061317965388298035
36,4,I,/,40,0.5500949025154114,0.058284275233745575
36,4,I,/,41,0.551213800907135,0.053643159568309784
36,4,I,/,42,0.5567071437835693,0.05628565698862076
36,4,I,/,43,0.5601438283920288,0.05388510972261429
36,4,I,/,44,0.5615780353546143,0.056157492101192474
36,4,I,/,45,0.5644004940986633,0.05547969788312912
36,4,I,/,46,0.5664345026016235,0.060770388692617416
36,4,I,/,47,0.5655897855758667,0.05939817428588867
36,4,I,/,48,0.5656822919845581,0.05493226274847984
36,4,I,/,49,0.5680649280548096,0.05337640270590782
36,4,I,/,50,0.5698971152305603,0.05002410337328911
36,4,I,/,51,0.5715606212615967,0.047474201768636703
36,4,I,/,52,0.579212486743927,0.0503978431224823
36,4,I,/,53,0.593782901763916,0.054741207510232925
36,4,I,/,54,0.6091018319129944,0.053821224719285965
36,4,I,/,55,0.6209583878517151,0.04250887408852577
36,4,I,/,56,0.6316050887107849,0.03608807548880577
36,4,I,/,57,0.6422165632247925,0.049793366342782974
36,4,I,/,58,0.6475422978401184,0.06695404648780823
36,4,I,/,59,0.6505445837974548,0.05335928872227669
36,4,I,/,60,0.6534883975982666,0.05242349952459335
36,4,I,/,61,0.6591458916664124,0.0800558477640152
36,4,I,/,62,0.6589829325675964,0.11090295761823654
36,4,I,/,63,0.6502948999404907,0.1269085854291916
37,5,A,-,0,0.30819234251976013,0.48086896538734436
37,5,A,-,1,0.3087449073791504,0.4019198417663574
37,5,A,-,2,0.30354511737823486,0.3374488651752472
37,5,A,-,3,0.2768627405166626,0.3181523382663727
37,5,A,-,4,0.25345471501350403,0.2607375383377075
37,5,A,-,5,0.27211588621139526,0.26824256777763367
37,5,A,-,6,0.26900359988212585,0.30358242988586426
37,5,A,-,7,0.2537466585636139,0.28093910217285156
37,5,A,-,8,0.2593013644218445,0.19807270169258118
37,5,A,-,9,0.24560081958770752,0.20826208591461182
37,5,A,-,10,0.23786872625350952,0.20475205779075623
37,5,A,-,11,0.23182173073291779,0.20617571473121643
37,5,A,-,12,0.21908028423786163,0.20560088753700256
37,5,A,-,13,0.21257051825523376,0.2249075472354889
37,5,A,-,14,0.2057371288537979,0.1596556007862091
37,5,A,-,15,0.20784316956996918,0.07615511864423752
37,5,A,-,16,0.20769232511520386,0.07742078602313995
37,5,A,-,17,0.20092833042144775,0.09092050790786743
37,5,A,-,18,0.20938514173030853,0.13375192880630493
37,5,A,-,19,0.19777780771255493,0.11532215029001236
37,5,A,-,20,0.1797204315662384,0.10877452045679092
37,5,A,-,21,0.16073110699653625,0.0961119532585144
37,5,A,-,22,0.15519960224628448,0.1139184758067131
37,5,A,-,23,0.1425696760416031,0.15143349766731262
37,5,A,-,24,0.12450980395078659,0.06548383086919785
37,5,A,-,25,0.12589070200920105,0.06411120295524597
37,5,A,-,26,0.12739355862140656,0.06633826345205307
37,5,A,-,27,0.13622204959392548,0.061637815088033676
37,5,A,-,28,0.14988045394420624,0.06111244857311249
37,5,A,-,29,0.1637960821390152,0.0587381087243557
37,5,A,-,30,0.17699556052684784,0.05574630945920944
37,5,A,-,31,0.18863517045974731,0.05276504158973694
37,5,A,-,32,0.1969396471977234,0.049120381474494934
37,5,A,-,33,0.19973649084568024,0.04482792317867279
37,5,A,-,34,0.19795259833335876,0.042574722319841385
37,5,A,-,35,0.19145259261131287,0.048325370997190475
37,5,A,-,36,0.18326042592525482,0.07343144714832306
37,5,A,-,37,0.17874445021152496,0.09689966589212418
37,5,A,-,38,0.17519691586494446,0.07472174614667892
37,5,A,-,39,0.1736694723367691,0.10359104722738266
37,5,A,-,40,0.1706486940383911,0.12826217710971832
37,5,A,-,41,0.1753099411725998,0.12473319470882416
37,5,A,-,42,0.17868094146251678,0.12776431441307068
37,5,A,-,43,0.17238563299179077,0.1523926705121994
37,5,A,-,44,0.17449133098125458,0.14551901817321777
37,5,A,-,45,0.1828877031803131,0.128334179520607
37,5,A,-,46,0.18780167400836945,0.15063606202602386
37,5,A,-,47,0.20454373955726624,0.13750514388084412
37,5,A,-,48,0.19787973165512085,0.12195510417222977
37,5,A,-,49,0.19302219152450562,0.1612204611301422
37,5,A,-,50,0.19105449318885803,0.12771716713905334
37,5,A,-,51,0.18960164487361908,0.10435841232538223
37,5,A,-,52,0.18490897119045258,0.11733603477478027
37,5,A,-,53,0.17845728993415833,0.08676359057426453
37,5,A,-,54,0.1740599125623703,0.1031978651881218
37,5,A,-,55,0.16635094583034515,0.11955003440380096
37,5,A,-,56,0.16587576270103455,0.0978325605392456
37,5,A,-,57,0.1630692034959793,0.08904264122247696
37,5,A,-,58,0.16465865075588226,0.08752003312110901
37,5,A,-,59,0.16765879094600677,0.0913383737206459
37,5,A,-,60,0.16203922033309937,0.09972791373729706
37,5,A,-,61,0.164737269282341,0.07193858176469803
37,5,A,-,62,0.16122551262378693,0.056622568517923355
37,5,A,-,63,0.1558513045310974,0.05874331668019295
38,5,B,/,0,0.3071148693561554,0.06046561896800995
38,5,B,/,1,0.30489423871040344,0.05355837196111679
38,5,B,/,2,0.3014933466911316,0.04766540601849556
38,5,B,/,3,0.2975713014602661,0.04226274415850639
38,5,B,/,4,0.29323968291282654,0.04388673976063728
38,5,B,/,5,0.2851365804672241,0.04492305591702461
38,5,B,/,6,0.2781209349632263,0.04223597049713135
38,5,B,/,7,0.272011399269104,0.051886506378650665
38,5,B,/,8,0.26397448778152466,0.04529355838894844
38,5,B,/,9,0.25630253553390503,0.03592609614133835
38,5,B,/,10,0.24928005039691925,0.035478509962558746
38,5,B,/,11,0.24052798748016357,0.029609430581331253
38,5,B,/,12,0.23129625618457794,0.02731078676879406
38,5,B,/,13,0.2222016602754593,0.026596786454319954
38,5,B,/,14,0.21424314379692078,0.02521440200507641
38,5,B,/,15,0.20764005184173584,0.0235633235424757
38,5,B,/,16,0.20020724833011627,0.02434147521853447
38,5,B,/,17,0.1947234570980072,0.026441726833581924
38,5,B,/,18,0.19505061209201813,0.029950212687253952
38,5,B,/,19,0.199414923787117,0.048452939838171005
38,5,B,/,20,0.19864073395729065,0.05507151409983635
38,5,B,/,21,0.19269725680351257,0.04742401838302612
38,5,B,/,22,0.1927458941936493,0.05190739408135414
38,5,B,/,23,0.19549572467803955,0.07656630873680115
38,5,B,/,24,0.1942770779132843,0.07446657866239548
38,5,B,/,25,0.1961578130722046,0.06786896288394928
38,5,B,/,26,0.1972580850124359,0.07134290784597397
38,5,B,/,27,0.20047825574874878,0.07161734998226166
38,5,B,/,28,0.20446141064167023,0.05835198983550072
38,5,B,/,29,0.2069147825241089,0.05401246249675751
38,5,B,/,30,0.20877985656261444,0.06170649826526642
38,5,B,/,31,0.21537627279758453,0.07830959558486938
38,5,B,/,32,0.22021476924419403,0.0776585191488266
38,5,B,/,33,0.22561469674110413,0.07506043463945389
38,5,B,/,34,0.22733986377716064,0.07351569086313248
38,5,B,/,35,0.22867846488952637,0.07665163278579712
38,5,B,/,36,0.22846302390098572,0.0752439871430397
38,5,B,/,37,0.22689755260944366,0.07748191803693771
38,5,B,/,38,0.2215370088815689,0.07664179056882858
38,5,B,/,39,0.21345669031143188,0.06650587171316147
38,5,B,/,40,0.20630930364131927,0.07936335355043411
38,5,B,/,41,0.1956271529197693,0.07105910778045654
38,5,B,/,42,0.18362902104854584,0.07103081047534943
38,5,B,/,43,0.17347083985805511,0.06478490680456161
38,5,B,/,44,0.16364213824272156,0.05999233201146126
38,5,B,/,45,0.1540340930223465,0.03912380337715149
38,5,B,/,46,0.14773911237716675,0.046798717230558395
38,5,B,/,47,0.13759241998195648,0.04167470335960388
38,5,B,/,48,0.12651462852954865,0.05108071491122246
38,5,B,/,49,0.11541305482387543,0.05421251803636551
38,5,B,/,50,0.10811636596918106,0.06705731153488159
38,5,B,/,51,0.10170573741197586,0.07877345383167267
38,5,B,/,52,0.09711462259292603,0.08248458057641983
38,5,B,/,53,0.09312929213047028,0.08717363327741623
38,5,B,/,54,0.09369806200265884,0.07281967252492905
38,5,B,/,55,0.09061916172504425,0.054981887340545654
38,5,B,/,56,0.0840977132320404,0.05239575356245041
38,5,B,/,57,0.08531969785690308,0.05099324882030487
38,5,B,/,58,0.09085863083600998,0.0677265152335167
38,5,B,/,59,0.10475342720746994,0.08645392954349518
38,5,B,/,60,0.12220702320337296,0.07864411175251007
38,5,B,/,61,0.1381950080394745,0.08871310949325562
38,5,B,/,62,0.1527498960494995,0.10644392669200897
38,5,B,/,63,0.16424903273582458,0.15969133377075195
39,5,C,/,0,0.387226939201355,0.07452625781297684
39,5,C,/,1,0.3773660361766815,0.08329461514949799
39,5,C,/,2,0.3694065809249878,0.08413656800985336
39,5,C,/,3,0.363101601600647,0.08852619677782059
39,5,C,/,4,0.3633401691913605,0.11581557244062424
39,5,C,/,5,0.3732143044471741,0.17956411838531494
39,5,C,/,6,0.372254878282547,0.18402768671512604
39,5,C,/,7,0.36957624554634094,0.15740862488746643
39,5,C,/,8,0.3715997636318207,0.15555302798748016
39,5,C,/,9,0.37826019525527954,0.15747107565402985
39,5,C,/,10,0.38016238808631897,0.1604185253381729
39,5,C,/,11,0.3792477548122406,0.18422146141529083
39,5,C,/,12,0.3681391775608063,0.1625945270061493
39,5,C,/,13,0.35176780819892883,0.14960843324661255
39,5,C,/,14,0.3438117802143097,0.15973086655139923
39,5,C,/,15,0.34111398458480835,0.1860746592283249
39,5,C,/,16,0.32539454102516174,0.19146697223186493
39,5,C,/,17,0.31103143095970154,0.17598287761211395
39,5,C,/,18,0.313187837600708,0.1940493881702423
39,5,C,/,19,0.32207465171813965,0.21457594633102417
39,5,C,/,20,0.327099472284317,0.22594504058361053
39,5,C,/,21,0.31641191244125366,0.19709272682666779
39,5,C,/,22,0.31605052947998047,0.15818437933921814
39,5,C,/,23,0.31797781586647034,0.1350148469209671
39,5,C,/,24,0.31938469409942627,0.10805927217006683
39,5,C,/,25,0.325474351644516,0.08194234222173691
39,5,C,/,26,0.3258887231349945,0.06563906371593475
39,5,C,/,27,0.32273241877555847,0.05199190601706505
39,5,C,/,28,0.3164404630661011,0.05009043589234352
39,5,C,/,29,0.31068429350852966,0.047631438821554184
39,5,C,/,30,0.30421534180641174,0.045158401131629944
39,5,C,/,31,0.30039528012275696,0.043992456048727036
39,5,C,/,32,0.29956430196762085,0.04533006623387337
39,5,C,/,33,0.29835045337677,0.04652814194560051
39,5,C,/,34,0.295657753944397,0.044936347752809525
39,5,C,/,35,0.2925713360309601,0.055977970361709595
39,5,C,/,36,0.29278939962387085,0.09913910925388336
39,5,C,/,37,0.29030677676200867,0.12241735309362411
39,5,C,/,38,0.28700190782546997,0.15386635065078735
39,5,C,/,39,0.28420302271842957,0.16449041664600372
39,5,C,/,40,0.27049335837364197,0.1838236004114151
39,5,C,/,41,0.2601151764392853,0.22531279921531677
39,5,C,/,42,0.2730158865451813,0.2765645682811737
39,5,C,/,43,0.280821830034256,0.27175119519233704
39,5,C,/,44,0.28983086347579956,0.28893500566482544
39,5,C,/,45,0.2963837683200836,0.29950371384620667
39,5,C,/,46,0.29229289293289185,0.3129826486110687
39,5,C,/,47,0.2866280972957611,0.3316148817539215
39,5,C,/,48,0.29578229784965515,0.3087158203125
39,5,C,/,49,0.3005143105983734,0.2857862412929535
39,5,C,/,50,0.3049662113189697,0.3091420531272888
39,5,C,/,51,0.3071576654911041,0.2902465760707855
39,5,C,/,52,0.3131834864616394,0.3127530813217163
39,5,C,/,53,0.32687705755233765,0.3003508448600769
39,5,C,/,54,0.33462437987327576,0.2861208915710449
39,5,C,/,55,0.3521438539028168,0.2978075444698334
39,5,C,/,56,0.3704054653644562,0.27487149834632874
39,5,C,/,57,0.3786189556121826,0.27718693017959595
39,5,C,/,58,0.39647239446640015,0.2649378478527069
39,5,C,/,59,0.4025946259498596,0.25822386145591736
39,5,C,/,60,0.4269721806049347,0.2475769966840744
39,5,C,/,61,0.4481869637966156,0.2825831174850464
39,5,C,/,62,0.46229875087738037,0.25810712575912476
39,5,C,/,63,0.49031031131744385,0.2444702684879303
40,5,D,/,0,0.34390291571617126,0.4295884668827057
40,5,D,/,1,0.3392619788646698,0.42275378108024597
40,5,D,/,2,0.3422932028770447,0.5238302946090698
40,5,D,/,3,0.34070855379104614,0.4839196503162384
40,5,D,/,4,0.35978934168815613,0.4240540564060211
40,5,D,/,5,0.38543421030044556,0.42768430709838867
40,5,D,/,6,0.4002287685871124,0.4114099144935608
40,5,D,/,7,0.42253321409225464,0.4396747648715973
40,5,D,/,8,0.44112980365753174,0.4310239851474762
40,5,D,/,9,0.44870835542678833,0.40523046255111694
40,5,D,/,10,0.44998469948768616,0.4069637060165405
40,5,D,/,11,0.45374226570129395,0.39771223068237305
40,5,D,/,12,0.46443885564804077,0.380638986825943
40,5,D,/,13,0.47151461243629456,0.38667216897010803
40,5,D,/,14,0.4735058844089508,0.40638336539268494
40,5,D,/,15,0.46821343898773193,0.39453476667404175
40,5,D,/,16,0.4688985049724579,0.3919420540332794
40,5,D,/,17,0.4615016281604767,0.3862336277961731
40,5,D,/,18,0.4452877938747406,0.3454465866088867
40,5,D,/,19,0.44525620341300964,0.32477810978889465
40,5,D,/,20,0.437184602022171,0.2630870044231415
40,5,D,/,21,0.4255673885345459,0.2058524191379547
40,5,D,/,22,0.4054871201515198,0.09708117693662643
40,5,D,/,23,0.3942987620830536,0.058220699429512024
40,5,D,/,24,0.38396304845809937,0.04624171927571297
40,5,D,/,25,0.3753909766674042,0.051087286323308945
40,5,D,/,26,0.36228278279304504,0.05383848026394844
40,5,D,/,27,0.34854137897491455,0.05093373358249664
40,5,D,/,28,0.33709612488746643,0.03934595361351967
40,5,D,/,29,0.33050021529197693,0.02916567772626877
40,5,D,/,30,0.32817333936691284,0.020510947331786156
40,5,D,/,31,0.3279702365398407,0.017997190356254578
40,5,D,/,32,0.32931840419769287,0.018849773332476616
40,5,D,/,33,0.3314037024974823,0.022888941690325737
40,5,D,/,34,0.33423832058906555,0.02932928502559662
40,5,D,/,35,0.33495932817459106,0.07052338123321533
40,5,D,/,36,0.3287476599216461,0.09354209899902344
40,5,D,/,37,0.3270082175731659,0.11270880699157715
40,5,D,/,38,0.3267710208892822,0.16025836765766144
40,5,D,/,39,0.3249209523200989,0.21351183950901031
40,5,D,/,40,0.31805819272994995,0.21308256685733795
40,5,D,/,41,0.3124183118343353,0.24982857704162598
40,5,D,/,42,0.31204482913017273,0.30471178889274597
40,5,D,/,43,0.3048199415206909,0.31429797410964966
40,5,D,/,44,0.30491384863853455,0.3255877196788788
40,5,D,/,45,0.31123432517051697,0.37285909056663513
40,5,D,/,46,0.30429771542549133,0.39377185702323914
40,5,D,/,47,0.3091128468513489,0.35889628529548645
40,5,D,/,48,0.30780312418937683,0.3251364827156067
40,5,D,/,49,0.31311479210853577,0.3335408866405487
40,5,D,/,50,0.3120379149913788,0.30290383100509644
40,5,D,/,51,0.3238641917705536,0.3068731725215912
40,5,D,/,52,0.33406662940979004,0.31071361899375916
40,5,D,/,53,0.327737957239151,0.299195259809494
40,5,D,/,54,0.31855079531669617,0.26029837131500244
40,5,D,/,55,0.324481338262558,0.3026010990142822
40,5,D,/,56,0.3241110146045685,0.31131651997566223
40,5,D,/,57,0.31319692730903625,0.305728942155838
40,5,D,/,58,0.308854877948761,0.31492918729782104
40,5,D,/,59,0.30358490347862244,0.2669731676578522
40,5,D,/,60,0.2922024726867676,0.1521618366241455
40,5,D,/,61,0.2998925447463989,0.14536334574222565
40,5,D,/,62,0.3180934190750122,0.20545953512191772
40,5,D,/,63,0.3290690779685974,0.25702810287475586
42,5,F,/,0,0.5542483925819397,0.3263191878795624
42,5,F,/,1,0.5896247625350952,0.3185901939868927
42,5,F,/,2,0.5900532007217407,0.2674567997455597
42,5,F,/,3,0.5605838298797607,0.2890340983867645
42,5,F,/,4,0.5158716440200806,0.2776995301246643
42,5,F,/,5,0.48315829038619995,0.3017599284648895
42,5,F,/,6,0.4618627429008484,0.32990023493766785
42,5,F,/,7,0.4413188099861145,0.3344999849796295
42,5,F,/,8,0.4409274756908417,0.3218294084072113
42,5,F,/,9,0.44285717606544495,0.3351117968559265
42,5,F,/,10,0.4417126178741455,0.29549846053123474
42,5,F,/,11,0.4561074376106262,0.3404405415058136
42,5,F,/,12,0.47138169407844543,0.35754793882369995
42,5,F,/,13,0.48608922958374023,0.3486930727958679
42,5,F,/,14,0.49678435921669006,0.29576197266578674
42,5,F,/,15,0.511335015296936,0.2843112349510193
42,5,F,/,16,0.5322174429893494,0.33727017045021057
42,5,F,/,17,0.5624899864196777,0.35310283303260803
42,5,F,/,18,0.5794433951377869,0.32194840908050537
42,5,F,/,19,0.5866066217422485,0.2647446095943451
42,5,F,/,20,0.5983907580375671,0.22823455929756165
42,5,F,/,21,0.597761332988739,0.22094868123531342
42,5,F,/,22,0.595458447933197,0.1982736438512802
42,5,F,/,23,0.6116387844085693,0.1817040890455246
42,5,F,/,24,0.6183485388755798,0.14429107308387756
42,5,F,/,25,0.6272128224372864,0.10104788839817047
42,5,F,/,26,0.6359955072402954,0.07166921347379684
42,5,F,/,27,0.6453371047973633,0.06054781749844551
42,5,F,/,28,0.6556322574615479,0.05200581252574921
42,5,F,/,29,0.6624089479446411,0.039879169315099716
42,5,F,/,30,0.6610938906669617,0.035912588238716125
42,5,F,/,31,0.6520189046859741,0.045632168650627136
42,5,F,/,32,0.637924075126648,0.055115848779678345
42,5,F,/,33,0.6241051554679871,0.05426721274852753
42,5,F,/,34,0.610367476940155,0.054695453494787216
42,5,F,/,35,0.5965725779533386,0.05547063797712326
42,5,F,/,36,0.587729275226593,0.06457339227199554
42,5,F,/,37,0.5807242393493652,0.06121382117271423
42,5,F,/,38,0.5764864087104797,0.05791233479976654
42,5,F,/,39,0.5785421133041382,0.0642644464969635
42,5,F,/,40,0.580708384513855,0.060464635491371155
42,5,F,/,41,0.5798318982124329,0.057965122163295746
42,5,F,/,42,0.5762682557106018,0.058471664786338806
42,5,F,/,43,0.5689243078231812,0.06363357603549957
42,5,F,/,44,0.5642930865287781,0.06473901867866516
42,5,F,/,45,0.5613629221916199,0.0624566413462162
42,5,F,/,46,0.5583193302154541,0.07021977752447128
42,5,F,/,47,0.5573931336402893,0.08581719547510147
42,5,F,/,48,0.5612644553184509,0.11593779176473618
42,5,F,/,49,0.5720186829566956,0.13874569535255432
42,5,F,/,50,0.5996143221855164,0.20885999500751495
42,5,F,/,51,0.6368404626846313,0.3041975498199463
42,5,F,/,52,0.6547903418540955,0.3196834325790405
42,5,F,/,53,0.6539454460144043,0.29923775792121887
42,5,F,/,54,0.6614217758178711,0.26239413022994995
42,5,F,/,55,0.6866324543952942,0.26679012179374695
42,5,F,/,56,0.6960618495941162,0.2814883291721344
42,5,F,/,57,0.6808183789253235,0.238127201795578
42,5,F,/,58,0.6878145337104797,0.24672462046146393
42,5,F,/,59,0.6802139282226562,0.22883179783821106
42,5,F,/,60,0.665640652179718,0.1665356308221817
42,5,F,/,61,0.6395111083984375,0.14138221740722656
42,5,F,/,62,0.6184281706809998,0.10560014098882675
42,5,F,/,63,0.6164858937263489,0.13461662828922272
43,5,G,/,0,0.5117460489273071,0.19126959145069122
43,5,G,/,1,0.4838351607322693,0.09688445925712585
43,5,G,/,2,0.46931567788124084,0.06663606315851212
43,5,G,/,3,0.4565953314304352,0.07376337796449661
43,5,G,/,4,0.447331964969635,0.07158805429935455
43,5,G,/,5,0.4426470398902893,0.07333701103925705
43,5,G,/,6,0.4387745261192322,0.07047676295042038
43,5,G,/,7,0.43567362427711487,0.07477252930402756
43,5,G,/,8,0.4286181330680847,0.08503438532352448
43,5,G,/,9,0.4239028990268707,0.09882990270853043
43,5,G,/,10,0.413449764251709,0.10240445286035538
43,5,G,/,11,0.402548223733902,0.11958679556846619
43,5,G,/,12,0.3933013081550598,0.1361396610736847
43,5,G,/,13,0.38653698563575745,0.134752094745636
43,5,G,/,14,0.37824317812919617,0.15732279419898987
43,5,G,/,15,0.3728458285331726,0.16442745923995972
43,5,G,/,16,0.37011006474494934,0.1833183914422989
43,5,G,/,17,0.37071582674980164,0.2361426204442978
43,5,G,/,18,0.39362746477127075,0.30619701743125916
43,5,G,/,19,0.3991777300834656,0.2844504714012146
43,5,G,/,20,0.3972814381122589,0.2235410511493683
43,5,G,/,21,0.4125366806983948,0.14023737609386444
43,5,G,/,22,0.4222429096698761,0.11302855610847473
43,5,G,/,23,0.43357744812965393,0.10165763646364212
43,5,G,/,24,0.4538020193576813,0.1011098250746727
43,5,G,/,25,0.4730967879295349,0.10252652317285538
43,5,G,/,26,0.4903714656829834,0.10295486450195312
43,5,G,/,27,0.5078272223472595,0.10138359665870667
43,5,G,/,28,0.5202032327651978,0.100506491959095
43,5,G,/,29,0.5308843851089478,0.1035751923918724
43,5,G,/,30,0.538413941860199,0.11346795409917831
43,5,G,/,31,0.5317214131355286,0.13261723518371582
43,5,G,/,32,0.504341721534729,0.14091630280017853
43,5,G,/,33,0.4689231514930725,0.12099558115005493
43,5,G,/,34,0.4440898895263672,0.09772714972496033
43,5,G,/,35,0.43012917041778564,0.07960772514343262
43,5,G,/,36,0.42275458574295044,0.07289351522922516
43,5,G,/,37,0.4197027087211609,0.07475141435861588
43,5,G,/,38,0.4212682247161865,0.07788204401731491
43,5,G,/,39,0.4261385500431061,0.08289328962564468
43,5,G,/,40,0.4343453645706177,0.08803233504295349
43,5,G,/,41,0.4465920031070709,0.0917525440454483
43,5,G,/,42,0.45440399646759033,0.0985158309340477
43,5,G,/,43,0.4537458121776581,0.1201295554637909
43,5,G,/,44,0.4550448954105377,0.15961280465126038
43,5,G,/,45,0.45017680525779724,0.21459972858428955
43,5,G,/,46,0.45131656527519226,0.2954840064048767
43,5,G,/,47,0.45094823837280273,0.3232477605342865
43,5,G,/,48,0.4682513177394867,0.3481224775314331
43,5,G,/,49,0.47937965393066406,0.3373126685619354
43,5,G,/,50,0.5097718238830566,0.3195326030254364
43,5,G,/,51,0.5255061388015747,0.33192649483680725
43,5,G,/,52,0.5390403270721436,0.3079180419445038
43,5,G,/,53,0.5350231528282166,0.2854485809803009
43,5,G,/,54,0.5356894731521606,0.30528199672698975
43,5,G,/,55,0.5393702983856201,0.32342055439949036
43,5,G,/,56,0.5424227118492126,0.3016357421875
43,5,G,/,57,0.5308440327644348,0.2856298089027405
43,5,G,/,58,0.5154087543487549,0.25774314999580383
43,5,G,/,59,0.5203406810760498,0.25298717617988586
43,5,G,/,60,0.5252166390419006,0.24834443628787994
43,5,G,/,61,0.5441042184829712,0.2574794292449951
43,5,G,/,62,0.5628886222839355,0.2886493504047394
43,5,G,/,63,0.5708737969398499,0.30242112278938293
44,5,H,-,0,0.20051929354667664,0.13992561399936676
44,5,H,-,1,0.20832300186157227,0.14576542377471924
44,5,H,-,2,0.20100392401218414,0.13742350041866302
44,5,H,-,3,0.20030756294727325,0.10659971088171005
44,5,H,-,4,0.20136944949626923,0.06078898161649704
44,5,H,-,5,0.20261438190937042,0.052775103598833084
44,5,H,-,6,0.20489798486232758,0.05379369482398033
44,5,H,-,7,0.20795702934265137,0.05883289501070976
44,5,H,-,8,0.2120777666568756,0.06075114384293556
44,5,H,-,9,0.21761354804039001,0.062496382743120193
44,5,H,-,10,0.2271270453929901,0.06139376014471054
44,5,H,-,11,0.23386025428771973,0.056553054600954056
44,5,H,-,12,0.23949706554412842,0.05380301550030708
44,5,H,-,13,0.24106009304523468,0.054091066122055054
44,5,H,-,14,0.24166667461395264,0.05235300585627556
44,5,H,-,15,0.24487394094467163,0.04886045306921005
44,5,H,-,16,0.24489067494869232,0.05287015065550804
44,5,H,-,17,0.24290990829467773,0.05316755548119545
44,5,H,-,18,0.23984390497207642,0.052957016974687576
44,5,H,-,19,0.2393464297056198,0.05720100551843643
44,5,H,-,20,0.23936094343662262,0.05540275201201439
44,5,H,-,21,0.2400142103433609,0.050693120807409286
44,5,H,-,22,0.23986344039440155,0.052326202392578125
44,5,H,-,23,0.24308563768863678,0.05573137104511261
44,5,H,-,24,0.24672077596187592,0.06144531071186066
44,5,H,-,25,0.2504630982875824,0.06713883578777313
44,5,H,-,26,0.2572811543941498,0.07451998442411423
44,5,H,-,27,0.2652626931667328,0.07190697640180588
44,5,H,-,28,0.2676072120666504,0.07563774287700653
44,5,H,-,29,0.27101173996925354,0.0745382159948349
44,5,H,-,30,0.2757912874221802,0.0751044973731041
44,5,H,-,31,0.27517107129096985,0.078235924243927
44,5,H,-,32,0.2697731852531433,0.10711810737848282
44,5,H,-,33,0.2594280540943146,0.11880311369895935
44,5,H,-,34,0.24567291140556335,0.1088547334074974
44,5,H,-,35,0.23964788019657135,0.10924310237169266
44,5,H,-,36,0.23396533727645874,0.10318303853273392
44,5,H,-,37,0.23849067091941833,0.11269295960664749
44,5,H,-,38,0.2470085620880127,0.12212131917476654
44,5,H,-,39,0.2550717294216156,0.13315632939338684
44,5,H,-,40,0.26723676919937134,0.14741449058055878
44,5,H,-,41,0.29000261425971985,0.15687087178230286
44,5,H,-,42,0.30035650730133057,0.13586753606796265
44,5,H,-,43,0.2998184561729431,0.12158289551734924
44,5,H,-,44,0.2968553602695465,0.13237284123897552
44,5,H,-,45,0.2841167151927948,0.13886956870555878
44,5,H,-,46,0.2625942826271057,0.13642682135105133
44,5,H,-,47,0.23697210848331451,0.11334341019392014
44,5,H,-,48,0.2202082723379135,0.10461724549531937
44,5,H,-,49,0.20990519225597382,0.09412247687578201
44,5,H,-,50,0.19884341955184937,0.08424776792526245
44,5,H,-,51,0.200904980301857,0.08842124789953232
44,5,H,-,52,0.21516108512878418,0.08647751063108444
44,5,H,-,53,0.2302151322364807,0.07151293009519577
44,5,H,-,54,0.24420678615570068,0.05882057175040245
44,5,H,-,55,0.2558325231075287,0.049919869750738144
44,5,H,-,56,0.2661558985710144,0.03791673108935356
44,5,H,-,57,0.27429917454719543,0.03269769996404648
44,5,H,-,58,0.2812820076942444,0.03036884032189846
44,5,H,-,59,0.28705570101737976,0.02819712460041046
44,5,H,-,60,0.2913725674152374,0.02561245486140251
44,5,H,-,61,0.29298821091651917,0.02675887942314148
44,5,H,-,62,0.2946568727493286,0.028426306322216988
44,5,H,-,63,0.29773756861686707,0.028950080275535583
46,6,A,/,0,0.27062559127807617,0.23004283010959625
46,6,A,/,1,0.24662652611732483,0.12561392784118652
46,6,A,/,2,0.23329439759254456,0.0778946578502655
46,6,A,/,3,0.239037424325943,0.08329552412033081
46,6,A,/,4,0.24688322842121124,0.08230014890432358
46,6,A,/,5,0.26123949885368347,0.08867724239826202
46,6,A,/,6,0.25129085779190063,0.08345600217580795
46,6,A,/,7,0.23175206780433655,0.08843237161636353
46,6,A,/,8,0.2175692617893219,0.07011447101831436
46,6,A,/,9,0.20650483667850494,0.06661325693130493
46,6,A,/,10,0.2139093279838562,0.09269806742668152
46,6,A,/,11,0.2378423810005188,0.09170917421579361
46,6,A,/,12,0.24940873682498932,0.08719584345817566
46,6,A,/,13,0.23043076694011688,0.08727878332138062
46,6,A,/,14,0.21844707429409027,0.05682242661714554
46,6,A,/,15,0.20957739651203156,0.060820698738098145
46,6,A,/,16,0.19668422639369965,0.05821453779935837
46,6,A,/,17,0.19411766529083252,0.06728426367044449
46,6,A,/,18,0.19130298495292664,0.06297512352466583
46,6,A,/,19,0.2036527544260025,0.06880658119916916
46,6,A,/,20,0.22557614743709564,0.08154181391000748
46,6,A,/,21,0.24883435666561127,0.09801197052001953
46,6,A,/,22,0.25369295477867126,0.08161289244890213
46,6,A,/,23,0.2530120611190796,0.07093223929405212
46,6,A,/,24,0.24712257087230682,0.0595310740172863
46,6,A,/,25,0.23785023391246796,0.06351795047521591
46,6,A,/,26,0.2281046062707901,0.05953922122716904
46,6,A,/,27,0.21751950681209564,0.057943228632211685
46,6,A,/,28,0.20747795701026917,0.0629759281873703
46,6,A,/,29,0.19753502309322357,0.07794758677482605
46,6,A,/,30,0.1880924105644226,0.08203117549419403
46,6,A,/,31,0.16825543344020844,0.07870946824550629
46,6,A,/,32,0.15939933061599731,0.0638144388794899
46,6,A,/,33,0.14684095978736877,0.06940647959709167
46,6,A,/,34,0.13209494948387146,0.05532396584749222
46,6,A,/,35,0.1211063414812088,0.059063784778118134
46,6,A,/,36,0.11699874699115753,0.05357315391302109
46,6,A,/,37,0.10940860956907272,0.04848092421889305
46,6,A,/,38,0.09849780052900314,0.037982095032930374
46,6,A,/,39,0.09486085921525955,0.027638478204607964
46,6,A,/,40,0.08961101621389389,0.031350813806056976
46,6,A,/,41,0.08247743546962738,0.03177286684513092
46,6,A,/,42,0.07505447417497635,0.029105577617883682
46,6,A,/,43,0.06793219596147537,0.030808838084340096
46,6,A,/,44,0.060252439230680466,0.03676750138401985
46,6,A,/,45,0.05621986836194992,0.028231335803866386
46,6,A,/,46,0.05362144857645035,0.024392083287239075
46,6,A,/,47,0.0528125986456871,0.02825848199427128
46,6,A,/,48,0.05144457891583443,0.03283516317605972
46,6,A,/,49,0.04648023471236229,0.024493927136063576
46,6,A,/,50,0.04207650199532509,0.02270136959850788
46,6,A,/,51,0.03851426765322685,0.019973551854491234
46,6,A,/,52,0.03918380290269852,0.02548135258257389
46,6,A,/,53,0.044571973383426666,0.04261062294244766
46,6,A,/,54,0.06259986013174057,0.08239156007766724
46,6,A,/,55,0.09302742779254913,0.10557311028242111
46,6,A,/,56,0.11886009573936462,0.08889712393283844
46,6,A,/,57,0.13694798946380615,0.07634708285331726
46,6,A,/,58,0.15109677612781525,0.07367728650569916
46,6,A,/,59,0.15393146872520447,0.0760798305273056
46,6,A,/,60,0.1541723757982254,0.11095087230205536
46,6,A,/,61,0.15882353484630585,0.16206249594688416
46,6,A,/,62,0.1819225400686264,0.21234242618083954
46,6,A,/,63,0.24275651574134827,0.23755022883415222
47,6,B,/,0,0.3071148693561554,0.06046561896800995
47,6,B,/,1,0.30489423871040344,0.05355837196111679
47,6,B,/,2,0.3014933466911316,0.04766540601849556
47,6,B,/,3,0.2975713014602661,0.04226274415850639
47,6,B,/,4,0.29323968291282654,0.04388673976063728
47,6,B,/,5,0.2851365804672241,0.04492305591702461
47,6,B,/,6,0.2781209349632263,0.04223597049713135
47,6,B,/,7,0.272011399269104,0.051886506378650665
47,6,B,/,8,0.26397448778152466,0.04529355838894844
47,6,B,/,9,0.25630253553390503,0.03592609614133835
47,6,B,/,10,0.24928005039691925,0.035478509962558746
47,6,B,/,11,0.24052798748016357,0.029609430581331253
47,6,B,/,12,0.23129625618457794,0.02731078676879406
47,6,B,/,13,0.2222016602754593,0.026596786454319954
47,6,B,/,14,0.21424314379692078,0.02521440200507641
47,6,B,/,15,0.20764005184173584,0.0235633235424757
47,6,B,/,16,0.20020724833011627,0.02434147521853447
47,6,B,/,17,0.1947234570980072,0.026441726833581924
47,6,B,/,18,0.19505061209201813,0.029950212687253952
47,6,B,/,19,0.199414923787117,0.048452939838171005
47,6,B,/,20,0.19864073395729065,0.05507151409983635
47,6,B,/,21,0.19269725680351257,0.04742401838302612
47,6,B,/,22,0.1927458941936493,0.05190739408135414
47,6,B,/,23,0.19549572467803955,0.07656630873680115
47,6,B,/,24,0.1942770779132843,0.07446657866239548
47,6,B,/,25,0.1961578130722046,0.06786896288394928
47,6,B,/,26,0.1972580850124359,0.07134290784597397
47,6,B,/,27,0.20047825574874878,0.07161734998226166
47,6,B,/,28,0.20446141064167023,0.05835198983550072
47,6,B,/,29,0.2069147825241089,0.05401246249675751
47,6,B,/,30,0.20877985656261444,0.06170649826526642
47,6,B,/,31,0.21537627279758453,0.07830959558486938
47,6,B,/,32,0.22021476924419403,0.0776585191488266
47,6,B,/,33,0.22561469674110413,0.07506043463945389
47,6,B,/,34,0.22733986377716064,0.07351569086313248
47,6,B,/,35,0.22867846488952637,0.07665163278579712
47,6,B,/,36,0.22846302390098572,0.0752439871430397
47,6,B,/,37,0.22689755260944366,0.07748191803693771
47,6,B,/,38,0.2215370088815689,0.07664179056882858
47,6,B,/,39,0.21345669031143188,0.06650587171316147
47,6,B,/,40,0.20630930364131927,0.07936335355043411
47,6,B,/,41,0.1956271529197693,0.07105910778045654
47,6,B,/,42,0.18362902104854584,0.07103081047534943
47,6,B,/,43,0.17347083985805511,0.06478490680456161
47,6,B,/,44,0.16364213824272156,0.05999233201146126
47,6,B,/,45,0.1540340930223465,0.03912380337715149
47,6,B,/,46,0.14773911237716675,0.046798717230558395
47,6,B,/,47,0.13759241998195648,0.04167470335960388
47,6,B,/,48,0.12651462852954865,0.05108071491122246
47,6,B,/,49,0.11541305482387543,0.05421251803636551
47,6,B,/,50,0.10811636596918106,0.06705731153488159
47,6,B,/,51,0.10170573741197586,0.07877345383167267
47,6,B,/,52,0.09711462259292603,0.08248458057641983
47,6,B,/,53,0.09312929213047028,0.08717363327741623
47,6,B,/,54,0.09369806200265884,0.07281967252492905
47,6,B,/,55,0.09061916172504425,0.054981887340545654
47,6,B,/,56,0.0840977132320404,0.05239575356245041
47,6,B,/,57,0.08531969785690308,0.05099324882030487
47,6,B,/,58,0.09085863083600998,0.0677265152335167
47,6,B,/,59,0.10475342720746994,0.08645392954349518
47,6,B,/,60,0.12220702320337296,0.07864411175251007
47,6,B,/,61,0.1381950080394745,0.08871310949325562
47,6,B,/,62,0.1527498960494995,0.10644392669200897
47,6,B,/,63,0.16424903273582458,0.15969133377075195
48,6,C,/,0,0.387226939201355,0.07452625781297684
48,6,C,/,1,0.3773660361766815,0.08329461514949799
48,6,C,/,2,0.3694065809249878,0.08413656800985336
48,6,C,/,3,0.363101601600647,0.08852619677782059
48,6,C,/,4,0.3633401691913605,0.11581557244062424
48,6,C,/,5,0.3732143044471741,0.17956411838531494
48,6,C,/,6,0.372254878282547,0.18402768671512604
48,6,C,/,7,0.36957624554634094,0.15740862488746643
48,6,C,/,8,0.3715997636318207,0.15555302798748016
48,6,C,/,9,0.37826019525527954,0.15747107565402985
48,6,C,/,10,0.38016238808631897,0.1604185253381729
48,6,C,/,11,0.3792477548122406,0.18422146141529083
48,6,C,/,12,0.3681391775608063,0.1625945270061493
48,6,C,/,13,0.35176780819892883,0.14960843324661255
48,6,C,/,14,0.3438117802143097,0.15973086655139923
48,6,C,/,15,0.34111398458480835,0.1860746592283249
48,6,C,/,16,0.32539454102516174,0.19146697223186493
48,6,C,/,17,0.31103143095970154,0.17598287761211395
48,6,C,/,18,0.313187837600708,0.1940493881702423
48,6,C,/,19,0.32207465171813965,0.21457594633102417
48,6,C,/,20,0.327099472284317,0.22594504058361053
48,6,C,/,21,0.31641191244125366,0.19709272682666779
48,6,C,/,22,0.31605052947998047,0.15818437933921814
48,6,C,/,23,0.31797781586647034,0.1350148469209671
48,6,C,/,24,0.31938469409942627,0.10805927217006683
48,6,C,/,25,0.325474351644516,0.08194234222173691
48,6,C,/,26,0.3258887231349945,0.06563906371593475
48,6,C,/,27,0.32273241877555847,0.05199190601706505
48,6,C,/,28,0.3164404630661011,0.05009043589234352
48,6,C,/,29,0.31068429350852966,0.047631438821554184
48,6,C,/,30,0.30421534180641174,0.045158401131629944
48,6,C,/,31,0.30039528012275696,0.043992456048727036
48,6,C,/,32,0.29956430196762085,0.04533006623387337
48,6,C,/,33,0.29835045337677,0.04652814194560051
48,6,C,/,34,0.295657753944397,0.044936347752809525
48,6,C,/,35,0.2925713360309601,0.055977970361709595
48,6,C,/,36,0.29278939962387085,0.09913910925388336
48,6,C,/,37,0.29030677676200867,0.12241735309362411
48,6,C,/,38,0.28700190782546997,0.15386635065078735
48,6,C,/,39,0.28420302271842957,0.16449041664600372
48,6,C,/,40,0.27049335837364197,0.1838236004114151
48,6,C,/,41,0.2601151764392853,0.22531279921531677
48,6,C,/,42,0.2730158865451813,0.2765645682811737
48,6,C,/,43,0.280821830034256,0.27175119519233704
48,6,C,/,44,0.28983086347579956,0.28893500566482544
48,6,C,/,45,0.2963837683200836,0.29950371384620667
48,6,C,/,46,0.29229289293289185,0.3129826486110687
48,6,C,/,47,0.2866280972957611,0.3316148817539215
48,6,C,/,48,0.29578229784965515,0.3087158203125
48,6,C,/,49,0.3005143105983734,0.2857862412929535
48,6,C,/,50,0.3049662113189697,0.3091420531272888
48,6,C,/,51,0.3071576654911041,0.2902465760707855
48,6,C,/,52,0.3131834864616394,0.3127530813217163
48,6,C,/,53,0.32687705755233765,0.3003508448600769
48,6,C,/,54,0.33462437987327576,0.2861208915710449
48,6,C,/,55,0.3521438539028168,0.2978075444698334
48,6,C,/,56,0.3704054653644562,0.27487149834632874
48,6,C,/,57,0.3786189556121826,0.27718693017959595
48,6,C,/,58,0.39647239446640015,0.2649378478527069
48,6,C,/,59,0.4025946259498596,0.25822386145591736
48,6,C,/,60,0.4269721806049347,0.2475769966840744
48,6,C,/,61,0.4481869637966156,0.2825831174850464
48,6,C,/,62,0.46229875087738037,0.25810712575912476
48,6,C,/,63,0.49031031131744385,0.2444702684879303
51,6,F,-,0,0.48688334226608276,0.4619489014148712
51,6,F,-,1,0.539985179901123,0.41724467277526855
51,6,F,-,2,0.572674572467804,0.3973522484302521
51,6,F,-,3,0.6056748032569885,0.3762171268463135
51,6,F,-,4,0.6333644986152649,0.31246572732925415
51,6,F,-,5,0.6301913857460022,0.17193114757537842
51,6,F,-,6,0.6194478273391724,0.10812731087207794
51,6,F,-,7,0.6091938018798828,0.10528136789798737
51,6,F,-,8,0.5885483622550964,0.09596069902181625
51,6,F,-,9,0.5742416381835938,0.07840175926685333
51,6,F,-,10,0.5679282546043396,0.07182091474533081
51,6,F,-,11,0.5694221258163452,0.07600661367177963
51,6,F,-,12,0.5846830010414124,0.09549641609191895
51,6,F,-,13,0.6135017275810242,0.09917232394218445
51,6,F,-,14,0.6356027126312256,0.09160491824150085
51,6,F,-,15,0.646610677242279,0.07861840724945068
51,6,F,-,16,0.6553733348846436,0.09363363683223724
51,6,F,-,17,0.6609452962875366,0.08134857565164566
51,6,F,-,18,0.6579858660697937,0.03956864774227142
51,6,F,-,19,0.6477123498916626,0.04321259260177612
51,6,F,-,20,0.6298474669456482,0.05281604081392288
51,6,F,-,21,0.6108419895172119,0.04873402789235115
51,6,F,-,22,0.5954831838607788,0.051277436316013336
51,6,F,-,23,0.5777949690818787,0.0523756667971611
51,6,F,-,24,0.5654157996177673,0.03840259462594986
51,6,F,-,25,0.5608177781105042,0.041926294565200806
51,6,F,-,26,0.5669209361076355,0.04432268068194389
51,6,F,-,27,0.5778422951698303,0.047783177345991135
51,6,F,-,28,0.5828630328178406,0.05936376377940178
51,6,F,-,29,0.5967215299606323,0.08702310174703598
51,6,F,-,30,0.6075189709663391,0.07937942445278168
51,6,F,-,31,0.6212995052337646,0.07169955968856812
51,6,F,-,32,0.6346020102500916,0.06220957264304161
51,6,F,-,33,0.644346296787262,0.04863603413105011
51,6,F,-,34,0.6489015221595764,0.05000670626759529
51,6,F,-,35,0.6513645648956299,0.05200080946087837
51,6,F,-,36,0.6548047661781311,0.05181898921728134
51,6,F,-,37,0.6565331816673279,0.043855346739292145
51,6,F,-,38,0.6556394100189209,0.03460732847452164
51,6,F,-,39,0.6539342403411865,0.03944484889507294
51,6,F,-,40,0.6494082808494568,0.04233666509389877
51,6,F,-,41,0.642433762550354,0.04658361151814461
51,6,F,-,42,0.6294474005699158,0.05880937725305557
51,6,F,-,43,0.6172112822532654,0.059327054768800735
51,6,F,-,44,0.5996670126914978,0.07445893436670303
51,6,F,-,45,0.5855146050453186,0.03865073248744011
51,6,F,-,46,0.5735294818878174,0.0534428171813488
51,6,F,-,47,0.5601810216903687,0.035858649760484695
51,6,F,-,48,0.555155336856842,0.0274188369512558
51,6,F,-,49,0.5509344339370728,0.02046453393995762
51,6,F,-,50,0.546164333820343,0.01925654523074627
51,6,F,-,51,0.5433768630027771,0.018236715346574783
51,6,F,-,52,0.5395132899284363,0.02029195986688137
51,6,F,-,53,0.5341626405715942,0.022274060174822807
51,6,F,-,54,0.5278159976005554,0.025072036311030388
51,6,F,-,55,0.5197408199310303,0.02586132101714611
51,6,F,-,56,0.5116329193115234,0.024460652843117714
51,6,F,-,57,0.5041646361351013,0.025488849729299545
51,6,F,-,58,0.49562960863113403,0.031121782958507538
51,6,F,-,59,0.484587162733078,0.043433669954538345
51,6,F,-,60,0.47079217433929443,0.05349138006567955
51,6,F,-,61,0.4568784534931183,0.053671181201934814
51,6,F,-,62,0.44254904985427856,0.054687533527612686
51,6,F,-,63,0.42796561121940613,0.05129140242934227
53,6,H,-,0,0.20051929354667664,0.13992561399936676
53,6,H,-,1,0.20832300186157227,0.14576542377471924
53,6,H,-,2,0.20100392401218414,0.13742350041866302
53,6,H,-,3,0.20030756294727325,0.10659971088171005
53,6,H,-,4,0.20136944949626923,0.06078898161649704
53,6,H,-,5,0.20261438190937042,0.052775103598833084
53,6,H,-,6,0.20489798486232758,0.05379369482398033
53,6,H,-,7,0.20795702934265137,0.05883289501070976
53,6,H,-,8,0.2120777666568756,0.06075114384293556
53,6,H,-,9,0.21761354804039001,0.062496382743120193
53,6,H,-,10,0.2271270453929901,0.06139376014471054
53,6,H,-,11,0.23386025428771973,0.056553054600954056
53,6,H,-,12,0.23949706554412842,0.05380301550030708
53,6,H,-,13,0.24106009304523468,0.054091066122055054
53,6,H,-,14,0.24166667461395264,0.05235300585627556
53,6,H,-,15,0.24487394094467163,0.04886045306921005
53,6,H,-,16,0.24489067494869232,0.05287015065550804
53,6,H,-,17,0.24290990829467773,0.05316755548119545
53,6,H,-,18,0.23984390497207642,0.052957016974687576
53,6,H,-,19,0.2393464297056198,0.05720100551843643
53,6,H,-,20,0.23936094343662262,0.05540275201201439
53,6,H,-,21,0.2400142103433609,0.050693120807409286
53,6,H,-,22,0.23986344039440155,0.052326202392578125
53,6,H,-,23,0.24308563768863678,0.05573137104511261
53,6,H,-,24,0.24672077596187592,0.06144531071186066
53,6,H,-,25,0.2504630982875824,0.06713883578777313
53,6,H,-,26,0.2572811543941498,0.07451998442411423
53,6,H,-,27,0.2652626931667328,0.07190697640180588
53,6,H,-,28,0.2676072120666504,0.07563774287700653
53,6,H,-,29,0.27101173996925354,0.0745382159948349
53,6,H,-,30,0.2757912874221802,0.0751044973731041
53,6,H,-,31,0.27517107129096985,0.078235924243927
53,6,H,-,32,0.2697731852531433,0.10711810737848282
53,6,H,-,33,0.2594280540943146,0.11880311369895935
53,6,H,-,34,0.24567291140556335,0.1088547334074974
53,6,H,-,35,0.23964788019657135,0.10924310237169266
53,6,H,-,36,0.23396533727645874,0.10318303853273392
53,6,H,-,37,0.23849067091941833,0.11269295960664749
53,6,H,-,38,0.2470085620880127,0.12212131917476654
53,6,H,-,39,0.2550717294216156,0.13315632939338684
53,6,H,-,40,0.26723676919937134,0.14741449058055878
53,6,H,-,41,0.29000261425971985,0.15687087178230286
53,6,H,-,42,0.30035650730133057,0.13586753606796265
53,6,H,-,43,0.2998184561729431,0.12158289551734924
53,6,H,-,44,0.2968553602695465,0.13237284123897552
53,6,H,-,45,0.2841167151927948,0.13886956870555878
53,6,H,-,46,0.2625942826271057,0.13642682135105133
53,6,H,-,47,0.23697210848331451,0.11334341019392014
53,6,H,-,48,0.2202082723379135,0.10461724549531937
53,6,H,-,49,0.20990519225597382,0.09412247687578201
53,6,H,-,50,0.19884341955184937,0.08424776792526245
53,6,H,-,51,0.200904980301857,0.08842124789953232
53,6,H,-,52,0.21516108512878418,0.08647751063108444
53,6,H,-,53,0.2302151322364807,0.07151293009519577
53,6,H,-,54,0.24420678615570068,0.05882057175040245
53,6,H,-,55,0.2558325231075287,0.049919869750738144
53,6,H,-,56,0.2661558985710144,0.03791673108935356
53,6,H,-,57,0.27429917454719543,0.03269769996404648
53,6,H,-,58,0.2812820076942444,0.03036884032189846
53,6,H,-,59,0.28705570101737976,0.02819712460041046
53,6,H,-,60,0.2913725674152374,0.02561245486140251
53,6,H,-,61,0.29298821091651917,0.02675887942314148
53,6,H,-,62,0.2946568727493286,0.028426306322216988
53,6,H,-,63,0.29773756861686707,0.028950080275535583
56,7,B,/,0,0.3071148693561554,0.06046561896800995
56,7,B,/,1,0.30489423871040344,0.05355837196111679
56,7,B,/,2,0.3014933466911316,0.04766540601849556
56,7,B,/,3,0.2975713014602661,0.04226274415850639
56,7,B,/,4,0.29323968291282654,0.04388673976063728
56,7,B,/,5,0.2851365804672241,0.04492305591702461
56,7,B,/,6,0.2781209349632263,0.04223597049713135
56,7,B,/,7,0.272011399269104,0.051886506378650665
56,7,B,/,8,0.26397448778152466,0.04529355838894844
56,7,B,/,9,0.25630253553390503,0.03592609614133835
56,7,B,/,10,0.24928005039691925,0.035478509962558746
56,7,B,/,11,0.24052798748016357,0.029609430581331253
56,7,B,/,12,0.23129625618457794,0.02731078676879406
56,7,B,/,13,0.2222016602754593,0.026596786454319954
56,7,B,/,14,0.21424314379692078,0.02521440200507641
56,7,B,/,15,0.20764005184173584,0.0235633235424757
56,7,B,/,16,0.20020724833011627,0.02434147521853447
56,7,B,/,17,0.1947234570980072,0.026441726833581924
56,7,B,/,18,0.19505061209201813,0.029950212687253952
56,7,B,/,19,0.199414923787117,0.048452939838171005
56,7,B,/,20,0.19864073395729065,0.05507151409983635
56,7,B,/,21,0.19269725680351257,0.04742401838302612
56,7,B,/,22,0.1927458941936493,0.05190739408135414
56,7,B,/,23,0.19549572467803955,0.07656630873680115
56,7,B,/,24,0.1942770779132843,0.07446657866239548
56,7,B,/,25,0.1961578130722046,0.06786896288394928
56,7,B,/,26,0.1972580850124359,0.07134290784597397
56,7,B,/,27,0.20047825574874878,0.07161734998226166
56,7,B,/,28,0.20446141064167023,0.05835198983550072
56,7,B,/,29,0.2069147825241089,0.05401246249675751
56,7,B,/,30,0.20877985656261444,0.06170649826526642
56,7,B,/,31,0.21537627279758453,0.07830959558486938
56,7,B,/,32,0.22021476924419403,0.0776585191488266
56,7,B,/,33,0.22561469674110413,0.07506043463945389
56,7,B,/,34,0.22733986377716064,0.07351569086313248
56,7,B,/,35,0.22867846488952637,0.07665163278579712
56,7,B,/,36,0.22846302390098572,0.0752439871430397
56,7,B,/,37,0.22689755260944366,0.07748191803693771
56,7,B,/,38,0.2215370088815689,0.07664179056882858
56,7,B,/,39,0.21345669031143188,0.06650587171316147
56,7,B,/,40,0.20630930364131927,0.07936335355043411
56,7,B,/,41,0.1956271529197693,0.07105910778045654
56,7,B,/,42,0.18362902104854584,0.07103081047534943
56,7,B,/,43,0.17347083985805511,0.06478490680456161
56,7,B,/,44,0.16364213824272156,0.05999233201146126
56,7,B,/,45,0.1540340930223465,0.03912380337715149
56,7,B,/,46,0.14773911237716675,0.046798717230558395
56,7,B,/,47,0.13759241998195648,0.04167470335960388
56,7,B,/,48,0.12651462852954865,0.05108071491122246
56,7,B,/,49,0.11541305482387543,0.05421251803636551
56,7,B,/,50,0.10811636596918106,0.06705731153488159
56,7,B,/,51,0.10170573741197586,0.07877345383167267
56,7,B,/,52,0.09711462259292603,0.08248458057641983
56,7,B,/,53,0.09312929213047028,0.08717363327741623
56,7,B,/,54,0.09369806200265884,0.07281967252492905
56,7,B,/,55,0.09061916172504425,0.054981887340545654
56,7,B,/,56,0.0840977132320404,0.05239575356245041
56,7,B,/,57,0.08531969785690308,0.05099324882030487
56,7,B,/,58,0.09085863083600998,0.0677265152335167
56,7,B,/,59,0.10475342720746994,0.08645392954349518
56,7,B,/,60,0.12220702320337296,0.07864411175251007
56,7,B,/,61,0.1381950080394745,0.08871310949325562
56,7,B,/,62,0.1527498960494995,0.10644392669200897
56,7,B,/,63,0.16424903273582458,0.15969133377075195
57,7,C,-,0,0.0010744024766609073,0.007489320822060108
57,7,C,-,1,0.003938115667551756,0.015128472819924355
57,7,C,-,2,0.010133334435522556,0.02819535695016384
57,7,C,-,3,0.02157631888985634,0.046792395412921906
57,7,C,-,4,0.03308434411883354,0.04468521848320961
57,7,C,-,5,0.03908969461917877,0.03842129558324814
57,7,C,-,6,0.04252900928258896,0.03816632553935051
57,7,C,-,7,0.04473191872239113,0.037539444863796234
57,7,C,-,8,0.04603724554181099,0.03441503643989563
57,7,C,-,9,0.046639859676361084,0.03413137048482895
57,7,C,-,10,0.050025574862957,0.031293321400880814
57,7,C,-,11,0.057303283363580704,0.042744144797325134
57,7,C,-,12,0.07116855680942535,0.06212184950709343
57,7,C,-,13,0.08398246020078659,0.051771655678749084
57,7,C,-,14,0.09520697593688965,0.04189583286643028
57,7,C,-,15,0.10657330602407455,0.0384373813867569
57,7,C,-,16,0.11838236451148987,0.04583349451422691
57,7,C,-,17,0.12710049748420715,0.057987030595541
57,7,C,-,18,0.13683608174324036,0.06260156631469727
57,7,C,-,19,0.13973857462406158,0.05528910830616951
57,7,C,-,20,0.15208788216114044,0.06822676211595535
57,7,C,-,21,0.17765949666500092,0.08659842610359192
57,7,C,-,22,0.19758404791355133,0.08014748990535736
57,7,C,-,23,0.21353627741336823,0.07013475149869919
57,7,C,-,24,0.22679175436496735,0.07229007035493851
57,7,C,-,25,0.2407008856534958,0.06814336776733398
57,7,C,-,26,0.25183358788490295,0.07901487499475479
57,7,C,-,27,0.2651173770427704,0.07150594145059586
57,7,C,-,28,0.2757372558116913,0.06292068213224411
57,7,C,-,29,0.28966277837753296,0.062230274081230164
57,7,C,-,30,0.303303986787796,0.0744280144572258
57,7,C,-,31,0.3060207962989807,0.06950315833091736
57,7,C,-,32,0.31738561391830444,0.05826995521783829
57,7,C,-,33,0.3280012309551239,0.06145321577787399
57,7,C,-,34,0.34065675735473633,0.060554903000593185
57,7,C,-,35,0.347723126411438,0.04359016194939613
57,7,C,-,36,0.34736672043800354,0.03480956703424454
57,7,C,-,37,0.344208300113678,0.03730696812272072
57,7,C,-,38,0.3411429524421692,0.03805987909436226
57,7,C,-,39,0.3386130630970001,0.039262693375349045
57,7,C,-,40,0.3402436077594757,0.0508960597217083
57,7,C,-,41,0.3473314642906189,0.06727097928524017
57,7,C,-,42,0.3497683107852936,0.06327912956476212
57,7,C,-,43,0.36216410994529724,0.06372345238924026
57,7,C,-,44,0.3766185939311981,0.06651706248521805
57,7,C,-,45,0.3885730504989624,0.0637291818857193
57,7,C,-,46,0.40667423605918884,0.062407173216342926
57,7,C,-,47,0.42786577343940735,0.07159427553415298
57,7,C,-,48,0.4426681697368622,0.04950355365872383
57,7,C,-,49,0.45436805486679077,0.058634497225284576
57,7,C,-,50,0.47378695011138916,0.05999786779284477
57,7,C,-,51,0.4891491234302521,0.047027722001075745
57,7,C,-,52,0.5019958019256592,0.052952732890844345
57,7,C,-,53,0.5172151923179626,0.04648933187127113
57,7,C,-,54,0.528885543346405,0.048256754875183105
57,7,C,-,55,0.54313725233078,0.04497302696108818
57,7,C,-,56,0.5553303360939026,0.045202139765024185
57,7,C,-,57,0.5660833120346069,0.03730783239006996
57,7,C,-,58,0.5713205337524414,0.022289931774139404
57,7,C,-,59,0.576392412185669,0.021749773994088173
57,7,C,-,60,0.581788182258606,0.02613031305372715
57,7,C,-,61,0.581145167350769,0.020685730502009392
57,7,C,-,62,0.5787908434867859,0.020214224234223366
57,7,C,-,63,0.5766479969024658,0.023335767909884453
59,7,E,/,0,0.5980205535888672,0.052766069769859314
59,7,E,/,1,0.5984251499176025,0.05489795655012131
59,7,E,/,2,0.5991948843002319,0.05900674685835838
59,7,E,/,3,0.5975713133811951,0.07717633247375488
59,7,E,/,4,0.5900107622146606,0.09130115061998367
59,7,E,/,5,0.571288526058197,0.10268107801675797
59,7,E,/,6,0.5634803771972656,0.11130023002624512
59,7,E,/,7,0.5659076571464539,0.11180083453655243
59,7,E,/,8,0.5718176364898682,0.10778965801000595
59,7,E,/,9,0.5803143978118896,0.09537836164236069
59,7,E,/,10,0.5846660733222961,0.08153608441352844
59,7,E,/,11,0.5860227346420288,0.06423576176166534
59,7,E,/,12,0.5874570608139038,0.04835902526974678
59,7,E,/,13,0.5858886241912842,0.042305927723646164
59,7,E,/,14,0.5847529768943787,0.04239484667778015
59,7,E,/,15,0.5840950012207031,0.04320605844259262
59,7,E,/,16,0.5845686793327332,0.04468672722578049
59,7,E,/,17,0.5848397016525269,0.04554801434278488
59,7,E,/,18,0.5875394940376282,0.04912900552153587
59,7,E,/,19,0.59030681848526,0.052382662892341614
59,7,E,/,20,0.5925318598747253,0.0495200976729393
59,7,E,/,21,0.5991508960723877,0.05026491731405258
59,7,E,/,22,0.6059986352920532,0.04863514378666878
59,7,E,/,23,0.6118119955062866,0.05050969496369362
59,7,E,/,24,0.6157819032669067,0.05287366360425949
59,7,E,/,25,0.6194648742675781,0.055998124182224274
59,7,E,/,26,0.6243582367897034,0.05566397309303284
59,7,E,/,27,0.6298101544380188,0.05749509111046791
59,7,E,/,28,0.6355639100074768,0.05268636718392372
59,7,E,/,29,0.6372788548469543,0.04755319654941559
59,7,E,/,30,0.6378501057624817,0.05187595635652542
59,7,E,/,31,0.6383166909217834,0.0545356310904026
59,7,E,/,32,0.6408963799476624,0.04681335762143135
59,7,E,/,33,0.6428260207176208,0.04691292718052864
59,7,E,/,34,0.6445661187171936,0.050809938460588455
59,7,E,/,35,0.6426908373832703,0.04916571080684662
59,7,E,/,36,0.6416192054748535,0.04511161521077156
59,7,E,/,37,0.6425995230674744,0.04918168857693672
59,7,E,/,38,0.644702672958374,0.047112684696912766
59,7,E,/,39,0.6469006538391113,0.049740858376026154
59,7,E,/,40,0.6493674516677856,0.04921010136604309
59,7,E,/,41,0.6504824757575989,0.04709137976169586
59,7,E,/,42,0.6557890176773071,0.05186876282095909
59,7,E,/,43,0.6589173078536987,0.05002153292298317
59,7,E,/,44,0.6620940566062927,0.05154947564005852
59,7,E,/,45,0.6666345000267029,0.049623966217041016
59,7,E,/,46,0.6679151058197021,0.04420812427997589
59,7,E,/,47,0.6684185266494751,0.04082830622792244
59,7,E,/,48,0.6699479222297668,0.04140358418226242
59,7,E,/,49,0.6747026443481445,0.046540386974811554
59,7,E,/,50,0.6787527799606323,0.061747897416353226
59,7,E,/,51,0.6850310564041138,0.08734630048274994
59,7,E,/,52,0.6939422488212585,0.13650330901145935
59,7,E,/,53,0.6951538324356079,0.17461633682250977
59,7,E,/,54,0.6882433295249939,0.14260733127593994
59,7,E,/,55,0.6824505925178528,0.15196193754673004
59,7,E,/,56,0.6805417537689209,0.19367243349552155
59,7,E,/,57,0.6871439814567566,0.20962125062942505
59,7,E,/,58,0.6837138533592224,0.18718914687633514
59,7,E,/,59,0.6813229918479919,0.13992521166801453
59,7,E,/,60,0.6777474284172058,0.08996821194887161
59,7,E,/,61,0.6779479384422302,0.057098615914583206
59,7,E,/,62,0.6838832497596741,0.033908143639564514
59,7,E,/,63,0.6932797431945801,0.029582016170024872
60,7,F,/,0,0.5542483925819397,0.3263191878795624
60,7,F,/,1,0.5896247625350952,0.3185901939868927
60,7,F,/,2,0.5900532007217407,0.2674567997455597
60,7,F,/,3,0.5605838298797607,0.2890340983867645
60,7,F,/,4,0.5158716440200806,0.2776995301246643
60,7,F,/,5,0.48315829038619995,0.3017599284648895
60,7,F,/,6,0.4618627429008484,0.32990023493766785
60,7,F,/,7,0.4413188099861145,0.3344999849796295
60,7,F,/,8,0.4409274756908417,0.3218294084072113
60,7,F,/,9,0.44285717606544495,0.3351117968559265
60,7,F,/,10,0.4417126178741455,0.29549846053123474
60,7,F,/,11,0.4561074376106262,0.3404405415058136
60,7,F,/,12,0.47138169407844543,0.35754793882369995
60,7,F,/,13,0.48608922958374023,0.3486930727958679
60,7,F,/,14,0.49678435921669006,0.29576197266578674
60,7,F,/,15,0.511335015296936,0.2843112349510193
60,7,F,/,16,0.5322174429893494,0.33727017045021057
60,7,F,/,17,0.5624899864196777,0.35310283303260803
60,7,F,/,18,0.5794433951377869,0.32194840908050537
60,7,F,/,19,0.5866066217422485,0.2647446095943451
60,7,F,/,20,0.5983907580375671,0.22823455929756165
60,7,F,/,21,0.597761332988739,0.22094868123531342
60,7,F,/,22,0.595458447933197,0.1982736438512802
60,7,F,/,23,0.6116387844085693,0.1817040890455246
60,7,F,/,24,0.6183485388755798,0.14429107308387756
60,7,F,/,25,0.6272128224372864,0.10104788839817047
60,7,F,/,26,0.6359955072402954,0.07166921347379684
60,7,F,/,27,0.6453371047973633,0.06054781749844551
60,7,F,/,28,0.6556322574615479,0.05200581252574921
60,7,F,/,29,0.6624089479446411,0.039879169315099716
60,7,F,/,30,0.6610938906669617,0.035912588238716125
60,7,F,/,31,0.6520189046859741,0.045632168650627136
60,7,F,/,32,0.637924075126648,0.055115848779678345
60,7,F,/,33,0.6241051554679871,0.05426721274852753
60,7,F,/,34,0.610367476940155,0.054695453494787216
60,7,F,/,35,0.5965725779533386,0.05547063797712326
60,7,F,/,36,0.587729275226593,0.06457339227199554
60,7,F,/,37,0.5807242393493652,0.06121382117271423
60,7,F,/,38,0.5764864087104797,0.05791233479976654
60,7,F,/,39,0.5785421133041382,0.0642644464969635
60,7,F,/,40,0.580708384513855,0.060464635491371155
60,7,F,/,41,0.5798318982124329,0.057965122163295746
60,7,F,/,42,0.5762682557106018,0.058471664786338806
60,7,F,/,43,0.5689243078231812,0.06363357603549957
60,7,F,/,44,0.5642930865287781,0.06473901867866516
60,7,F,/,45,0.5613629221916199,0.0624566413462162
60,7,F,/,46,0.5583193302154541,0.07021977752447128
60,7,F,/,47,0.5573931336402893,0.08581719547510147
60,7,F,/,48,0.5612644553184509,0.11593779176473618
60,7,F,/,49,0.5720186829566956,0.13874569535255432
60,7,F,/,50,0.5996143221855164,0.20885999500751495
60,7,F,/,51,0.6368404626846313,0.3041975498199463
60,7,F,/,52,0.6547903418540955,0.3196834325790405
60,7,F,/,53,0.6539454460144043,0.29923775792121887
60,7,F,/,54,0.6614217758178711,0.26239413022994995
60,7,F,/,55,0.6866324543952942,0.26679012179374695
60,7,F,/,56,0.6960618495941162,0.2814883291721344
60,7,F,/,57,0.6808183789253235,0.238127201795578
60,7,F,/,58,0.6878145337104797,0.24672462046146393
60,7,F,/,59,0.6802139282226562,0.22883179783821106
60,7,F,/,60,0.665640652179718,0.1665356308221817
60,7,F,/,61,0.6395111083984375,0.14138221740722656
60,7,F,/,62,0.6184281706809998,0.10560014098882675
60,7,F,/,63,0.6164858937263489,0.13461662828922272
63,7,I,/,0,0.17213819921016693,0.03658827394247055
63,7,I,/,1,0.1867840588092804,0.040323447436094284
63,7,I,/,2,0.20675238966941833,0.048352159559726715
63,7,I,/,3,0.23219698667526245,0.05677896365523338
63,7,I,/,4,0.2556043267250061,0.050446443259716034
63,7,I,/,5,0.27767857909202576,0.056005630642175674
63,7,I,/,6,0.2993790805339813,0.06454364955425262
63,7,I,/,7,0.3213947117328644,0.06718798726797104
63,7,I,/,8,0.3415811061859131,0.06789755076169968
63,7,I,/,9,0.3632897734642029,0.06226366385817528
63,7,I,/,10,0.37974879145622253,0.049615152180194855
63,7,I,/,11,0.3911803066730499,0.04235771670937538
63,7,I,/,12,0.400442510843277,0.04140441119670868
63,7,I,/,13,0.4052802324295044,0.04640024155378342
63,7,I,/,14,0.4097568988800049,0.05133980140089989
63,7,I,/,15,0.41360828280448914,0.05107301101088524
63,7,I,/,16,0.4164993166923523,0.04689691215753555
63,7,I,/,17,0.42117011547088623,0.052787747234106064
63,7,I,/,18,0.43043965101242065,0.05280739441514015
63,7,I,/,19,0.4360848069190979,0.05235135927796364
63,7,I,/,20,0.44052812457084656,0.055516939610242844
63,7,I,/,21,0.44667282700538635,0.05239322409033775
63,7,I,/,22,0.45507246255874634,0.05178733542561531
63,7,I,/,23,0.46098119020462036,0.050872787833213806
63,7,I,/,24,0.4652000367641449,0.050887178629636765
63,7,I,/,25,0.4705723226070404,0.05157603695988655
63,7,I,/,26,0.47707632184028625,0.05283951014280319
63,7,I,/,27,0.4823847711086273,0.05333946272730827
63,7,I,/,28,0.48854485154151917,0.05865589529275894
63,7,I,/,29,0.4937174916267395,0.057966139167547226
63,7,I,/,30,0.5014367699623108,0.06079971417784691
63,7,I,/,31,0.510547935962677,0.06276112794876099
63,7,I,/,32,0.5222688913345337,0.06179621443152428
63,7,I,/,33,0.5294273495674133,0.061474356800317764
63,7,I,/,34,0.5306342840194702,0.060448843985795975
63,7,I,/,35,0.5326318740844727,0.059473201632499695
63,7,I,/,36,0.5352783203125,0.059147484600543976
63,7,I,/,37,0.5374763011932373,0.058125369250774384
63,7,I,/,38,0.5408286452293396,0.0620269775390625
63,7,I,/,39,0.5458887219429016,0.061317965388298035
63,7,I,/,40,0.5500949025154114,0.058284275233745575
63,7,I,/,41,0.551213800907135,0.053643159568309784
63,7,I,/,42,0.5567071437835693,0.05628565698862076
63,7,I,/,43,0.5601438283920288,0.05388510972261429
63,7,I,/,44,0.5615780353546143,0.056157492101192474
63,7,I,/,45,0.5644004940986633,0.05547969788312912
63,7,I,/,46,0.5664345026016235,0.060770388692617416
63,7,I,/,47,0.5655897855758667,0.05939817428588867
63,7,I,/,48,0.5656822919845581,0.05493226274847984
63,7,I,/,49,0.5680649280548096,0.05337640270590782
63,7,I,/,50,0.5698971152305603,0.05002410337328911
63,7,I,/,51,0.5715606212615967,0.047474201768636703
63,7,I,/,52,0.579212486743927,0.0503978431224823
63,7,I,/,53,0.593782901763916,0.054741207510232925
63,7,I,/,54,0.6091018319129944,0.053821224719285965
63,7,I,/,55,0.6209583878517151,0.04250887408852577
63,7,I,/,56,0.6316050887107849,0.03608807548880577
63,7,I,/,57,0.6422165632247925,0.049793366342782974
63,7,I,/,58,0.6475422978401184,0.06695404648780823
63,7,I,/,59,0.6505445837974548,0.05335928872227669
63,7,I,/,60,0.6534883975982666,0.05242349952459335
63,7,I,/,61,0.6591458916664124,0.0800558477640152
63,7,I,/,62,0.6589829325675964,0.11090295761823654
63,7,I,/,63,0.6502948999404907,0.1269085854291916
65,8,B,/,0,0.3071148693561554,0.06046561896800995
65,8,B,/,1,0.30489423871040344,0.05355837196111679
65,8,B,/,2,0.3014933466911316,0.04766540601849556
65,8,B,/,3,0.2975713014602661,0.04226274415850639
65,8,B,/,4,0.29323968291282654,0.04388673976063728
65,8,B,/,5,0.2851365804672241,0.04492305591702461
65,8,B,/,6,0.2781209349632263,0.04223597049713135
65,8,B,/,7,0.272011399269104,0.051886506378650665
65,8,B,/,8,0.26397448778152466,0.04529355838894844
65,8,B,/,9,0.25630253553390503,0.03592609614133835
65,8,B,/,10,0.24928005039691925,0.035478509962558746
65,8,B,/,11,0.24052798748016357,0.029609430581331253
65,8,B,/,12,0.23129625618457794,0.02731078676879406
65,8,B,/,13,0.2222016602754593,0.026596786454319954
65,8,B,/,14,0.21424314379692078,0.02521440200507641
65,8,B,/,15,0.20764005184173584,0.0235633235424757
65,8,B,/,16,0.20020724833011627,0.02434147521853447
65,8,B,/,17,0.1947234570980072,0.026441726833581924
65,8,B,/,18,0.19505061209201813,0.029950212687253952
65,8,B,/,19,0.199414923787117,0.048452939838171005
65,8,B,/,20,0.19864073395729065,0.05507151409983635
65,8,B,/,21,0.19269725680351257,0.04742401838302612
65,8,B,/,22,0.1927458941936493,0.05190739408135414
65,8,B,/,23,0.19549572467803955,0.07656630873680115
65,8,B,/,24,0.1942770779132843,0.07446657866239548
65,8,B,/,25,0.1961578130722046,0.06786896288394928
65,8,B,/,26,0.1972580850124359,0.07134290784597397
65,8,B,/,27,0.20047825574874878,0.07161734998226166
65,8,B,/,28,0.20446141064167023,0.05835198983550072
65,8,B,/,29,0.2069147825241089,0.05401246249675751
65,8,B,/,30,0.20877985656261444,0.06170649826526642
65,8,B,/,31,0.21537627279758453,0.07830959558486938
65,8,B,/,32,0.22021476924419403,0.0776585191488266
65,8,B,/,33,0.22561469674110413,0.07506043463945389
65,8,B,/,34,0.22733986377716064,0.07351569086313248
65,8,B,/,35,0.22867846488952637,0.07665163278579712
65,8,B,/,36,0.22846302390098572,0.0752439871430397
65,8,B,/,37,0.22689755260944366,0.07748191803693771
65,8,B,/,38,0.2215370088815689,0.07664179056882858
65,8,B,/,39,0.21345669031143188,0.06650587171316147
65,8,B,/,40,0.20630930364131927,0.07936335355043411
65,8,B,/,41,0.1956271529197693,0.07105910778045654
65,8,B,/,42,0.18362902104854584,0.07103081047534943
65,8,B,/,43,0.17347083985805511,0.06478490680456161
65,8,B,/,44,0.16364213824272156,0.05999233201146126
65,8,B,/,45,0.1540340930223465,0.03912380337715149
65,8,B,/,46,0.14773911237716675,0.046798717230558395
65,8,B,/,47,0.13759241998195648,0.04167470335960388
65,8,B,/,48,0.12651462852954865,0.05108071491122246
65,8,B,/,49,0.11541305482387543,0.05421251803636551
65,8,B,/,50,0.10811636596918106,0.06705731153488159
65,8,B,/,51,0.10170573741197586,0.07877345383167267
65,8,B,/,52,0.09711462259292603,0.08248458057641983
65,8,B,/,53,0.09312929213047028,0.08717363327741623
65,8,B,/,54,0.09369806200265884,0.07281967252492905
65,8,B,/,55,0.09061916172504425,0.054981887340545654
65,8,B,/,56,0.0840977132320404,0.05239575356245041
65,8,B,/,57,0.08531969785690308,0.05099324882030487
65,8,B,/,58,0.09085863083600998,0.0677265152335167
65,8,B,/,59,0.10475342720746994,0.08645392954349518
65,8,B,/,60,0.12220702320337296,0.07864411175251007
65,8,B,/,61,0.1381950080394745,0.08871310949325562
65,8,B,/,62,0.1527498960494995,0.10644392669200897
65,8,B,/,63,0.16424903273582458,0.15969133377075195
66,8,C,/,0,0.387226939201355,0.07452625781297684
66,8,C,/,1,0.3773660361766815,0.08329461514949799
66,8,C,/,2,0.3694065809249878,0.08413656800985336
66,8,C,/,3,0.363101601600647,0.08852619677782059
66,8,C,/,4,0.3633401691913605,0.11581557244062424
66,8,C,/,5,0.3732143044471741,0.17956411838531494
66,8,C,/,6,0.372254878282547,0.18402768671512604
66,8,C,/,7,0.36957624554634094,0.15740862488746643
66,8,C,/,8,0.3715997636318207,0.15555302798748016
66,8,C,/,9,0.37826019525527954,0.15747107565402985
66,8,C,/,10,0.38016238808631897,0.1604185253381729
66,8,C,/,11,0.3792477548122406,0.18422146141529083
66,8,C,/,12,0.3681391775608063,0.1625945270061493
66,8,C,/,13,0.35176780819892883,0.14960843324661255
66,8,C,/,14,0.3438117802143097,0.15973086655139923
66,8,C,/,15,0.34111398458480835,0.1860746592283249
66,8,C,/,16,0.32539454102516174,0.19146697223186493
66,8,C,/,17,0.31103143095970154,0.17598287761211395
66,8,C,/,18,0.313187837600708,0.1940493881702423
66,8,C,/,19,0.32207465171813965,0.21457594633102417
66,8,C,/,20,0.327099472284317,0.22594504058361053
66,8,C,/,21,0.31641191244125366,0.19709272682666779
66,8,C,/,22,0.31605052947998047,0.15818437933921814
66,8,C,/,23,0.31797781586647034,0.1350148469209671
66,8,C,/,24,0.31938469409942627,0.10805927217006683
66,8,C,/,25,0.325474351644516,0.08194234222173691
66,8,C,/,26,0.3258887231349945,0.06563906371593475
66,8,C,/,27,0.32273241877555847,0.05199190601706505
66,8,C,/,28,0.3164404630661011,0.05009043589234352
66,8,C,/,29,0.31068429350852966,0.047631438821554184
66,8,C,/,30,0.30421534180641174,0.045158401131629944
66,8,C,/,31,0.30039528012275696,0.043992456048727036
66,8,C,/,32,0.29956430196762085,0.04533006623387337
66,8,C,/,33,0.29835045337677,0.04652814194560051
66,8,C,/,34,0.295657753944397,0.044936347752809525
66,8,C,/,35,0.2925713360309601,0.055977970361709595
66,8,C,/,36,0.29278939962387085,0.09913910925388336
66,8,C,/,37,0.29030677676200867,0.12241735309362411
66,8,C,/,38,0.28700190782546997,0.15386635065078735
66,8,C,/,39,0.28420302271842957,0.16449041664600372
66,8,C,/,40,0.27049335837364197,0.1838236004114151
66,8,C,/,41,0.2601151764392853,0.22531279921531677
66,8,C,/,42,0.2730158865451813,0.2765645682811737
66,8,C,/,43,0.280821830034256,0.27175119519233704
66,8,C,/,44,0.28983086347579956,0.28893500566482544
66,8,C,/,45,0.2963837683200836,0.29950371384620667
66,8,C,/,46,0.29229289293289185,0.3129826486110687
66,8,C,/,47,0.2866280972957611,0.3316148817539215
66,8,C,/,48,0.29578229784965515,0.3087158203125
66,8,C,/,49,0.3005143105983734,0.2857862412929535
66,8,C,/,50,0.3049662113189697,0.3091420531272888
66,8,C,/,51,0.3071576654911041,0.2902465760707855
66,8,C,/,52,0.3131834864616394,0.3127530813217163
66,8,C,/,53,0.32687705755233765,0.3003508448600769
66,8,C,/,54,0.33462437987327576,0.2861208915710449
66,8,C,/,55,0.3521438539028168,0.2978075444698334
66,8,C,/,56,0.3704054653644562,0.27487149834632874
66,8,C,/,57,0.3786189556121826,0.27718693017959595
66,8,C,/,58,0.39647239446640015,0.2649378478527069
66,8,C,/,59,0.4025946259498596,0.25822386145591736
66,8,C,/,60,0.4269721806049347,0.2475769966840744
66,8,C,/,61,0.4481869637966156,0.2825831174850464
66,8,C,/,62,0.46229875087738037,0.25810712575912476
66,8,C,/,63,0.49031031131744385,0.2444702684879303
69,8,F,/,0,0.5542483925819397,0.3263191878795624
69,8,F,/,1,0.5896247625350952,0.3185901939868927
69,8,F,/,2,0.5900532007217407,0.2674567997455597
69,8,F,/,3,0.5605838298797607,0.2890340983867645
69,8,F,/,4,0.5158716440200806,0.2776995301246643
69,8,F,/,5,0.48315829038619995,0.3017599284648895
69,8,F,/,6,0.4618627429008484,0.32990023493766785
69,8,F,/,7,0.4413188099861145,0.3344999849796295
69,8,F,/,8,0.4409274756908417,0.3218294084072113
69,8,F,/,9,0.44285717606544495,0.3351117968559265
69,8,F,/,10,0.4417126178741455,0.29549846053123474
69,8,F,/,11,0.4561074376106262,0.3404405415058136
69,8,F,/,12,0.47138169407844543,0.35754793882369995
69,8,F,/,13,0.48608922958374023,0.3486930727958679
69,8,F,/,14,0.49678435921669006,0.29576197266578674
69,8,F,/,15,0.511335015296936,0.2843112349510193
69,8,F,/,16,0.5322174429893494,0.33727017045021057
69,8,F,/,17,0.5624899864196777,0.35310283303260803
69,8,F,/,18,0.5794433951377869,0.32194840908050537
69,8,F,/,19,0.5866066217422485,0.2647446095943451
69,8,F,/,20,0.5983907580375671,0.22823455929756165
69,8,F,/,21,0.597761332988739,0.22094868123531342
69,8,F,/,22,0.595458447933197,0.1982736438512802
69,8,F,/,23,0.6116387844085693,0.1817040890455246
69,8,F,/,24,0.6183485388755798,0.14429107308387756
69,8,F,/,25,0.6272128224372864,0.10104788839817047
69,8,F,/,26,0.6359955072402954,0.07166921347379684
69,8,F,/,27,0.6453371047973633,0.06054781749844551
69,8,F,/,28,0.6556322574615479,0.05200581252574921
69,8,F,/,29,0.6624089479446411,0.039879169315099716
69,8,F,/,30,0.6610938906669617,0.035912588238716125
69,8,F,/,31,0.6520189046859741,0.045632168650627136
69,8,F,/,32,0.637924075126648,0.055115848779678345
69,8,F,/,33,0.6241051554679871,0.05426721274852753
69,8,F,/,34,0.610367476940155,0.054695453494787216
69,8,F,/,35,0.5965725779533386,0.05547063797712326
69,8,F,/,36,0.587729275226593,0.06457339227199554
69,8,F,/,37,0.5807242393493652,0.06121382117271423
69,8,F,/,38,0.5764864087104797,0.05791233479976654
69,8,F,/,39,0.5785421133041382,0.0642644464969635
69,8,F,/,40,0.580708384513855,0.060464635491371155
69,8,F,/,41,0.5798318982124329,0.057965122163295746
69,8,F,/,42,0.5762682557106018,0.058471664786338806
69,8,F,/,43,0.5689243078231812,0.06363357603549957
69,8,F,/,44,0.5642930865287781,0.06473901867866516
69,8,F,/,45,0.5613629221916199,0.0624566413462162
69,8,F,/,46,0.5583193302154541,0.07021977752447128
69,8,F,/,47,0.5573931336402893,0.08581719547510147
69,8,F,/,48,0.5612644553184509,0.11593779176473618
69,8,F,/,49,0.5720186829566956,0.13874569535255432
69,8,F,/,50,0.5996143221855164,0.20885999500751495
69,8,F,/,51,0.6368404626846313,0.3041975498199463
69,8,F,/,52,0.6547903418540955,0.3196834325790405
69,8,F,/,53,0.6539454460144043,0.29923775792121887
69,8,F,/,54,0.6614217758178711,0.26239413022994995
69,8,F,/,55,0.6866324543952942,0.26679012179374695
69,8,F,/,56,0.6960618495941162,0.2814883291721344
69,8,F,/,57,0.6808183789253235,0.238127201795578
69,8,F,/,58,0.6878145337104797,0.24672462046146393
69,8,F,/,59,0.6802139282226562,0.22883179783821106
69,8,F,/,60,0.665640652179718,0.1665356308221817
69,8,F,/,61,0.6395111083984375,0.14138221740722656
69,8,F,/,62,0.6184281706809998,0.10560014098882675
69,8,F,/,63,0.6164858937263489,0.13461662828922272
70,8,G,-,0,0.6505685448646545,0.13723263144493103
70,8,G,-,1,0.6618846654891968,0.1592576652765274
70,8,G,-,2,0.6747764945030212,0.15696264803409576
70,8,G,-,3,0.6827374696731567,0.17681504786014557
70,8,G,-,4,0.6877995729446411,0.163445383310318
70,8,G,-,5,0.6945743560791016,0.14583192765712738
70,8,G,-,6,0.7022488117218018,0.15843524038791656
70,8,G,-,7,0.7131397128105164,0.1794266700744629
70,8,G,-,8,0.7202174663543701,0.16597475111484528
70,8,G,-,9,0.7219541072845459,0.17712247371673584
70,8,G,-,10,0.7250639796257019,0.1908940225839615
70,8,G,-,11,0.7324522733688354,0.18943168222904205
70,8,G,-,12,0.740332305431366,0.18173164129257202
70,8,G,-,13,0.7322589755058289,0.18290212750434875
70,8,G,-,14,0.7351126074790955,0.20339149236679077
70,8,G,-,15,0.7501587867736816,0.23977729678153992
70,8,G,-,16,0.7388009428977966,0.20122748613357544
70,8,G,-,17,0.7432413697242737,0.21571578085422516
70,8,G,-,18,0.7288976907730103,0.18530821800231934
70,8,G,-,19,0.7258076071739197,0.20288051664829254
70,8,G,-,20,0.7338054180145264,0.20169001817703247
70,8,G,-,21,0.7249045968055725,0.13693347573280334
70,8,G,-,22,0.7139180302619934,0.11482833325862885
70,8,G,-,23,0.7019780278205872,0.09527675062417984
70,8,G,-,24,0.6863083839416504,0.10099314153194427
70,8,G,-,25,0.667417585849762,0.11012621968984604
70,8,G,-,26,0.6464518308639526,0.1183561235666275
70,8,G,-,27,0.6218672394752502,0.12759464979171753
70,8,G,-,28,0.5935279130935669,0.1361713409423828
70,8,G,-,29,0.5616784691810608,0.14250804483890533
70,8,G,-,30,0.5280839800834656,0.14161692559719086
70,8,G,-,31,0.4951326847076416,0.1350782811641693
70,8,G,-,32,0.46417534351348877,0.12376118451356888
70,8,G,-,33,0.43653416633605957,0.11082060635089874
70,8,G,-,34,0.4134814143180847,0.09313555061817169
70,8,G,-,35,0.3937895596027374,0.08786055445671082
70,8,G,-,36,0.3695187568664551,0.08934290707111359
70,8,G,-,37,0.3458230793476105,0.08624386042356491
70,8,G,-,38,0.32252392172813416,0.08867126703262329
70,8,G,-,39,0.29963502287864685,0.08911766111850739
70,8,G,-,40,0.2788805663585663,0.08799009770154953
70,8,G,-,41,0.2605821192264557,0.08406037092208862
70,8,G,-,42,0.24506239593029022,0.07849331945180893
70,8,G,-,43,0.23280684649944305,0.0706099346280098
70,8,G,-,44,0.2235294133424759,0.06493056565523148
70,8,G,-,45,0.2164555937051773,0.06885334104299545
70,8,G,-,46,0.20999246835708618,0.08957745134830475
70,8,G,-,47,0.20024511218070984,0.16284431517124176
70,8,G,-,48,0.20748664438724518,0.32954737544059753
70,8,G,-,49,0.22030743956565857,0.45072469115257263
70,8,G,-,50,0.2064877450466156,0.417885422706604
70,8,G,-,51,0.19277791678905487,0.3767032325267792
70,8,G,-,52,0.19378502666950226,0.3658742308616638
70,8,G,-,53,0.20970892906188965,0.37231412529945374
70,8,G,-,54,0.20103557407855988,0.3563326299190521
70,8,G,-,55,0.19737453758716583,0.33912912011146545
70,8,G,-,56,0.20065906643867493,0.34002405405044556
70,8,G,-,57,0.1914924681186676,0.3556152284145355
70,8,G,-,58,0.18872351944446564,0.37958216667175293
70,8,G,-,59,0.1873447299003601,0.3296821117401123
70,8,G,-,60,0.1812862902879715,0.3352930247783661
70,8,G,-,61,0.18704314529895782,0.3157716393470764
70,8,G,-,62,0.18537582457065582,0.29106196761131287
70,8,G,-,63,0.1807648092508316,0.30980196595191956
71,8,H,-,0,0.20051929354667664,0.13992561399936676
71,8,H,-,1,0.20832300186157227,0.14576542377471924
71,8,H,-,2,0.20100392401218414,0.13742350041866302
71,8,H,-,3,0.20030756294727325,0.10659971088171005
71,8,H,-,4,0.20136944949626923,0.06078898161649704
71,8,H,-,5,0.20261438190937042,0.052775103598833084
71,8,H,-,6,0.20489798486232758,0.05379369482398033
71,8,H,-,7,0.20795702934265137,0.05883289501070976
71,8,H,-,8,0.2120777666568756,0.06075114384293556
71,8,H,-,9,0.21761354804039001,0.062496382743120193
71,8,H,-,10,0.2271270453929901,0.06139376014471054
71,8,H,-,11,0.23386025428771973,0.056553054600954056
71,8,H,-,12,0.23949706554412842,0.05380301550030708
71,8,H,-,13,0.24106009304523468,0.054091066122055054
71,8,H,-,14,0.24166667461395264,0.05235300585627556
71,8,H,-,15,0.24487394094467163,0.04886045306921005
71,8,H,-,16,0.24489067494869232,0.05287015065550804
71,8,H,-,17,0.24290990829467773,0.05316755548119545
71,8,H,-,18,0.23984390497207642,0.052957016974687576
71,8,H,-,19,0.2393464297056198,0.05720100551843643
71,8,H,-,20,0.23936094343662262,0.05540275201201439
71,8,H,-,21,0.2400142103433609,0.050693120807409286
71,8,H,-,22,0.23986344039440155,0.052326202392578125
71,8,H,-,23,0.24308563768863678,0.05573137104511261
71,8,H,-,24,0.24672077596187592,0.06144531071186066
71,8,H,-,25,0.2504630982875824,0.06713883578777313
71,8,H,-,26,0.2572811543941498,0.07451998442411423
71,8,H,-,27,0.2652626931667328,0.07190697640180588
71,8,H,-,28,0.2676072120666504,0.07563774287700653
71,8,H,-,29,0.27101173996925354,0.0745382159948349
71,8,H,-,30,0.2757912874221802,0.0751044973731041
71,8,H,-,31,0.27517107129096985,0.078235924243927
71,8,H,-,32,0.2697731852531433,0.10711810737848282
71,8,H,-,33,0.2594280540943146,0.11880311369895935
71,8,H,-,34,0.24567291140556335,0.1088547334074974
71,8,H,-,35,0.23964788019657135,0.10924310237169266
71,8,H,-,36,0.23396533727645874,0.10318303853273392
71,8,H,-,37,0.23849067091941833,0.11269295960664749
71,8,H,-,38,0.2470085620880127,0.12212131917476654
71,8,H,-,39,0.2550717294216156,0.13315632939338684
71,8,H,-,40,0.26723676919937134,0.14741449058055878
71,8,H,-,41,0.29000261425971985,0.15687087178230286
71,8,H,-,42,0.30035650730133057,0.13586753606796265
71,8,H,-,43,0.2998184561729431,0.12158289551734924
71,8,H,-,44,0.2968553602695465,0.13237284123897552
71,8,H,-,45,0.2841167151927948,0.13886956870555878
71,8,H,-,46,0.2625942826271057,0.13642682135105133
71,8,H,-,47,0.23697210848331451,0.11334341019392014
71,8,H,-,48,0.2202082723379135,0.10461724549531937
71,8,H,-,49,0.20990519225597382,0.09412247687578201
71,8,H,-,50,0.19884341955184937,0.08424776792526245
71,8,H,-,51,0.200904980301857,0.08842124789953232
71,8,H,-,52,0.21516108512878418,0.08647751063108444
71,8,H,-,53,0.2302151322364807,0.07151293009519577
71,8,H,-,54,0.24420678615570068,0.05882057175040245
71,8,H,-,55,0.2558325231075287,0.049919869750738144
71,8,H,-,56,0.2661558985710144,0.03791673108935356
71,8,H,-,57,0.27429917454719543,0.03269769996404648
71,8,H,-,58,0.2812820076942444,0.03036884032189846
71,8,H,-,59,0.28705570101737976,0.02819712460041046
71,8,H,-,60,0.2913725674152374,0.02561245486140251
71,8,H,-,61,0.29298821091651917,0.02675887942314148
71,8,H,-,62,0.2946568727493286,0.028426306322216988
71,8,H,-,63,0.29773756861686707,0.028950080275535583
72,8,I,-,0,0.13276033103466034,0.3229283094406128
72,8,I,-,1,0.16482171416282654,0.37152034044265747
72,8,I,-,2,0.16790589690208435,0.35891810059547424
72,8,I,-,3,0.16848905384540558,0.33766457438468933
72,8,I,-,4,0.17847806215286255,0.2970292866230011
72,8,I,-,5,0.18922752141952515,0.30256757140159607
72,8,I,-,6,0.20547419786453247,0.32769775390625
72,8,I,-,7,0.21806202828884125,0.32777759432792664
72,8,I,-,8,0.2266765534877777,0.33353304862976074
72,8,I,-,9,0.22803755104541779,0.3029719293117523
72,8,I,-,10,0.23080991208553314,0.29371869564056396
72,8,I,-,11,0.2564740478992462,0.2882167100906372
72,8,I,-,12,0.26895275712013245,0.2995271682739258
72,8,I,-,13,0.2668278217315674,0.3003126084804535
72,8,I,-,14,0.2691539525985718,0.2614840269088745
72,8,I,-,15,0.28009337186813354,0.3219239115715027
72,8,I,-,16,0.2895173728466034,0.31998443603515625
72,8,I,-,17,0.3006725013256073,0.3052709698677063
72,8,I,-,18,0.31724727153778076,0.2630617916584015
72,8,I,-,19,0.3248926103115082,0.20398004353046417
72,8,I,-,20,0.333369642496109,0.15996383130550385
72,8,I,-,21,0.3416377902030945,0.12931635975837708
72,8,I,-,22,0.3544292747974396,0.1306632161140442
72,8,I,-,23,0.35832470655441284,0.11963478475809097
72,8,I,-,24,0.37124747037887573,0.09175248444080353
72,8,I,-,25,0.38012513518333435,0.08202754706144333
72,8,I,-,26,0.39030277729034424,0.09040530771017075
72,8,I,-,27,0.40479305386543274,0.07757840305566788
72,8,I,-,28,0.425872802734375,0.07063151895999908
72,8,I,-,29,0.44630590081214905,0.067828468978405
72,8,I,-,30,0.46652770042419434,0.06793531030416489
72,8,I,-,31,0.4878123700618744,0.07116594165563583
72,8,I,-,32,0.5109880566596985,0.07731927931308746
72,8,I,-,33,0.5357204079627991,0.08509592711925507
72,8,I,-,34,0.5620757341384888,0.09231097996234894
72,8,I,-,35,0.590316116809845,0.09435837715864182
72,8,I,-,36,0.615686297416687,0.0948069840669632
72,8,I,-,37,0.6329379081726074,0.08976607024669647
72,8,I,-,38,0.6447796821594238,0.06997612863779068
72,8,I,-,39,0.6545284390449524,0.09456253796815872
72,8,I,-,40,0.6612939834594727,0.10728882998228073
72,8,I,-,41,0.6637298464775085,0.12177218496799469
72,8,I,-,42,0.6757218837738037,0.1493709683418274
72,8,I,-,43,0.6878177523612976,0.17138203978538513
72,8,I,-,44,0.6935256123542786,0.16909469664096832
72,8,I,-,45,0.7058823704719543,0.17990276217460632
72,8,I,-,46,0.7156485915184021,0.19640915095806122
72,8,I,-,47,0.7244532704353333,0.20392265915870667
72,8,I,-,48,0.7233511209487915,0.21820688247680664
72,8,I,-,49,0.7230968475341797,0.22044512629508972
72,8,I,-,50,0.7227252125740051,0.22862163186073303
72,8,I,-,51,0.7171857357025146,0.20861737430095673
72,8,I,-,52,0.7037639617919922,0.20043711364269257
72,8,I,-,53,0.6834758520126343,0.18924134969711304
72,8,I,-,54,0.6741023063659668,0.20361170172691345
72,8,I,-,55,0.6609670519828796,0.2306567281484604
72,8,I,-,56,0.660520613193512,0.25942161679267883
72,8,I,-,57,0.6525198817253113,0.22970518469810486
72,8,I,-,58,0.6496889591217041,0.23998115956783295
72,8,I,-,59,0.6375752091407776,0.26375484466552734
72,8,I,-,60,0.6017882227897644,0.16804239153862
72,8,I,-,61,0.5792627334594727,0.09600590169429779
72,8,I,-,62,0.5620098114013672,0.07972107082605362
72,8,I,-,63,0.5463933944702148,0.06388674676418304
74,9,B,-,0,0.22177456319332123,0.05011194571852684
74,9,B,-,1,0.22569704055786133,0.06508135050535202
74,9,B,-,2,0.22643139958381653,0.07786186039447784
74,9,B,-,3,0.22765092551708221,0.07503287494182587
74,9,B,-,4,0.2276844084262848,0.07270601391792297
74,9,B,-,5,0.23153004050254822,0.09390688687562943
74,9,B,-,6,0.23426969349384308,0.09236373007297516
74,9,B,-,7,0.2332763671875,0.07747938483953476
74,9,B,-,8,0.23545889556407928,0.09504511207342148
74,9,B,-,9,0.2394670695066452,0.10819614678621292
74,9,B,-,10,0.24381926655769348,0.11885649710893631
74,9,B,-,11,0.23976854979991913,0.11798989772796631
74,9,B,-,12,0.23791435360908508,0.11426491290330887
74,9,B,-,13,0.23862475156784058,0.13276870548725128
74,9,B,-,14,0.23407770693302155,0.1450905054807663
74,9,B,-,15,0.23581698536872864,0.14195725321769714
74,9,B,-,16,0.2417421042919159,0.14433935284614563
74,9,B,-,17,0.2364497184753418,0.1511133760213852
74,9,B,-,18,0.23023033142089844,0.13585247099399567
74,9,B,-,19,0.23594771325588226,0.16478215157985687
74,9,B,-,20,0.2311728447675705,0.14802013337612152
74,9,B,-,21,0.23893174529075623,0.13030299544334412
74,9,B,-,22,0.23874302208423615,0.10555000603199005
74,9,B,-,23,0.24367046356201172,0.08594895899295807
74,9,B,-,24,0.24552063643932343,0.04775218293070793
74,9,B,-,25,0.24902798235416412,0.028291426599025726
74,9,B,-,26,0.24715732038021088,0.027513399720191956
74,9,B,-,27,0.24008715152740479,0.03542609512805939
74,9,B,-,28,0.2300335168838501,0.03905216604471207
74,9,B,-,29,0.21959218382835388,0.038921669125556946
74,9,B,-,30,0.20968042314052582,0.03560271114110947
74,9,B,-,31,0.20129181444644928,0.030218204483389854
74,9,B,-,32,0.19534026086330414,0.025835033506155014
74,9,B,-,33,0.19162987172603607,0.031582050025463104
74,9,B,-,34,0.19173164665699005,0.039588287472724915
74,9,B,-,35,0.19327731430530548,0.04659557715058327
74,9,B,-,36,0.1999189853668213,0.07638970762491226
74,9,B,-,37,0.1986324042081833,0.09999740868806839
74,9,B,-,38,0.2003854662179947,0.12578821182250977
74,9,B,-,39,0.20437991619110107,0.17178097367286682
74,9,B,-,40,0.2117992639541626,0.2311931699514389
74,9,B,-,41,0.21688209474086761,0.2666444778442383
74,9,B,-,42,0.21114082634449005,0.2570268511772156
74,9,B,-,43,0.21630357205867767,0.27481770515441895
74,9,B,-,44,0.220606729388237,0.28107425570487976
74,9,B,-,45,0.22848299145698547,0.268552303314209
74,9,B,-,46,0.2309577614068985,0.26258009672164917
74,9,B,-,47,0.23665159940719604,0.2871847152709961
74,9,B,-,48,0.24135473370552063,0.28719204664230347
74,9,B,-,49,0.23978643119335175,0.2846049964427948
74,9,B,-,50,0.2289690226316452,0.2406197488307953
74,9,B,-,51,0.2316742092370987,0.2541247606277466
74,9,B,-,52,0.23328082263469696,0.2885991036891937
74,9,B,-,53,0.2232530266046524,0.28908929228782654
74,9,B,-,54,0.2212885171175003,0.2750833332538605
74,9,B,-,55,0.21331007778644562,0.2664077579975128
74,9,B,-,56,0.20865054428577423,0.25248250365257263
74,9,B,-,57,0.21140819787979126,0.2740825116634369
74,9,B,-,58,0.19985827803611755,0.23945418000221252
74,9,B,-,59,0.19543786346912384,0.20595328509807587
74,9,B,-,60,0.1957019716501236,0.2286689132452011
74,9,B,-,61,0.19518432021141052,0.24141541123390198
74,9,B,-,62,0.18735294044017792,0.21459338068962097
74,9,B,-,63,0.1835862100124359,0.2319170981645584
75,9,C,-,0,0.0010744024766609073,0.007489320822060108
75,9,C,-,1,0.003938115667551756,0.015128472819924355
75,9,C,-,2,0.010133334435522556,0.02819535695016384
75,9,C,-,3,0.02157631888985634,0.046792395412921906
75,9,C,-,4,0.03308434411883354,0.04468521848320961
75,9,C,-,5,0.03908969461917877,0.03842129558324814
75,9,C,-,6,0.04252900928258896,0.03816632553935051
75,9,C,-,7,0.04473191872239113,0.037539444863796234
75,9,C,-,8,0.04603724554181099,0.03441503643989563
75,9,C,-,9,0.046639859676361084,0.03413137048482895
75,9,C,-,10,0.050025574862957,0.031293321400880814
75,9,C,-,11,0.057303283363580704,0.042744144797325134
75,9,C,-,12,0.07116855680942535,0.06212184950709343
75,9,C,-,13,0.08398246020078659,0.051771655678749084
75,9,C,-,14,0.09520697593688965,0.04189583286643028
75,9,C,-,15,0.10657330602407455,0.0384373813867569
75,9,C,-,16,0.11838236451148987,0.04583349451422691
75,9,C,-,17,0.12710049748420715,0.057987030595541
75,9,C,-,18,0.13683608174324036,0.06260156631469727
75,9,C,-,19,0.13973857462406158,0.05528910830616951
75,9,C,-,20,0.15208788216114044,0.06822676211595535
75,9,C,-,21,0.17765949666500092,0.08659842610359192
75,9,C,-,22,0.19758404791355133,0.08014748990535736
75,9,C,-,23,0.21353627741336823,0.07013475149869919
75,9,C,-,24,0.22679175436496735,0.07229007035493851
75,9,C,-,25,0.2407008856534958,0.06814336776733398
75,9,C,-,26,0.25183358788490295,0.07901487499475479
75,9,C,-,27,0.2651173770427704,0.07150594145059586
75,9,C,-,28,0.2757372558116913,0.06292068213224411
75,9,C,-,29,0.28966277837753296,0.062230274081230164
75,9,C,-,30,0.303303986787796,0.0744280144572258
75,9,C,-,31,0.3060207962989807,0.06950315833091736
75,9,C,-,32,0.31738561391830444,0.05826995521783829
75,9,C,-,33,0.3280012309551239,0.06145321577787399
75,9,C,-,34,0.34065675735473633,0.060554903000593185
75,9,C,-,35,0.347723126411438,0.04359016194939613
75,9,C,-,36,0.34736672043800354,0.03480956703424454
75,9,C,-,37,0.344208300113678,0.03730696812272072
75,9,C,-,38,0.3411429524421692,0.03805987909436226
75,9,C,-,39,0.3386130630970001,0.039262693375349045
75,9,C,-,40,0.3402436077594757,0.0508960597217083
75,9,C,-,41,0.3473314642906189,0.06727097928524017
75,9,C,-,42,0.3497683107852936,0.06327912956476212
75,9,C,-,43,0.36216410994529724,0.06372345238924026
75,9,C,-,44,0.3766185939311981,0.06651706248521805
75,9,C,-,45,0.3885730504989624,0.0637291818857193
75,9,C,-,46,0.40667423605918884,0.062407173216342926
75,9,C,-,47,0.42786577343940735,0.07159427553415298
75,9,C,-,48,0.4426681697368622,0.04950355365872383
75,9,C,-,49,0.45436805486679077,0.058634497225284576
75,9,C,-,50,0.47378695011138916,0.05999786779284477
75,9,C,-,51,0.4891491234302521,0.047027722001075745
75,9,C,-,52,0.5019958019256592,0.052952732890844345
75,9,C,-,53,0.5172151923179626,0.04648933187127113
75,9,C,-,54,0.528885543346405,0.048256754875183105
75,9,C,-,55,0.54313725233078,0.04497302696108818
75,9,C,-,56,0.5553303360939026,0.045202139765024185
75,9,C,-,57,0.5660833120346069,0.03730783239006996
75,9,C,-,58,0.5713205337524414,0.022289931774139404
75,9,C,-,59,0.576392412185669,0.021749773994088173
75,9,C,-,60,0.581788182258606,0.02613031305372715
75,9,C,-,61,0.581145167350769,0.020685730502009392
75,9,C,-,62,0.5787908434867859,0.020214224234223366
75,9,C,-,63,0.5766479969024658,0.023335767909884453
76,9,D,/,0,0.34390291571617126,0.4295884668827057
76,9,D,/,1,0.3392619788646698,0.42275378108024597
76,9,D,/,2,0.3422932028770447,0.5238302946090698
76,9,D,/,3,0.34070855379104614,0.4839196503162384
76,9,D,/,4,0.35978934168815613,0.4240540564060211
76,9,D,/,5,0.38543421030044556,0.42768430709838867
76,9,D,/,6,0.4002287685871124,0.4114099144935608
76,9,D,/,7,0.42253321409225464,0.4396747648715973
76,9,D,/,8,0.44112980365753174,0.4310239851474762
76,9,D,/,9,0.44870835542678833,0.40523046255111694
76,9,D,/,10,0.44998469948768616,0.4069637060165405
76,9,D,/,11,0.45374226570129395,0.39771223068237305
76,9,D,/,12,0.46443885564804077,0.380638986825943
76,9,D,/,13,0.47151461243629456,0.38667216897010803
76,9,D,/,14,0.4735058844089508,0.40638336539268494
76,9,D,/,15,0.46821343898773193,0.39453476667404175
76,9,D,/,16,0.4688985049724579,0.3919420540332794
76,9,D,/,17,0.4615016281604767,0.3862336277961731
76,9,D,/,18,0.4452877938747406,0.3454465866088867
76,9,D,/,19,0.44525620341300964,0.32477810978889465
76,9,D,/,20,0.437184602022171,0.2630870044231415
76,9,D,/,21,0.4255673885345459,0.2058524191379547
76,9,D,/,22,0.4054871201515198,0.09708117693662643
76,9,D,/,23,0.3942987620830536,0.058220699429512024
76,9,D,/,24,0.38396304845809937,0.04624171927571297
76,9,D,/,25,0.3753909766674042,0.051087286323308945
76,9,D,/,26,0.36228278279304504,0.05383848026394844
76,9,D,/,27,0.34854137897491455,0.05093373358249664
76,9,D,/,28,0.33709612488746643,0.03934595361351967
76,9,D,/,29,0.33050021529197693,0.02916567772626877
76,9,D,/,30,0.32817333936691284,0.020510947331786156
76,9,D,/,31,0.3279702365398407,0.017997190356254578
76,9,D,/,32,0.32931840419769287,0.018849773332476616
76,9,D,/,33,0.3314037024974823,0.022888941690325737
76,9,D,/,34,0.33423832058906555,0.02932928502559662
76,9,D,/,35,0.33495932817459106,0.07052338123321533
76,9,D,/,36,0.3287476599216461,0.09354209899902344
76,9,D,/,37,0.3270082175731659,0.11270880699157715
76,9,D,/,38,0.3267710208892822,0.16025836765766144
76,9,D,/,39,0.3249209523200989,0.21351183950901031
76,9,D,/,40,0.31805819272994995,0.21308256685733795
76,9,D,/,41,0.3124183118343353,0.24982857704162598
76,9,D,/,42,0.31204482913017273,0.30471178889274597
76,9,D,/,43,0.3048199415206909,0.31429797410964966
76,9,D,/,44,0.30491384863853455,0.3255877196788788
76,9,D,/,45,0.31123432517051697,0.37285909056663513
76,9,D,/,46,0.30429771542549133,0.39377185702323914
76,9,D,/,47,0.3091128468513489,0.35889628529548645
76,9,D,/,48,0.30780312418937683,0.3251364827156067
76,9,D,/,49,0.31311479210853577,0.3335408866405487
76,9,D,/,50,0.3120379149913788,0.30290383100509644
76,9,D,/,51,0.3238641917705536,0.3068731725215912
76,9,D,/,52,0.33406662940979004,0.31071361899375916
76,9,D,/,53,0.327737957239151,0.299195259809494
76,9,D,/,54,0.31855079531669617,0.26029837131500244
76,9,D,/,55,0.324481338262558,0.3026010990142822
76,9,D,/,56,0.3241110146045685,0.31131651997566223
76,9,D,/,57,0.31319692730903625,0.305728942155838
76,9,D,/,58,0.308854877948761,0.31492918729782104
76,9,D,/,59,0.30358490347862244,0.2669731676578522
76,9,D,/,60,0.2922024726867676,0.1521618366241455
76,9,D,/,61,0.2998925447463989,0.14536334574222565
76,9,D,/,62,0.3180934190750122,0.20545953512191772
76,9,D,/,63,0.3290690779685974,0.25702810287475586
78,9,F,/,0,0.5542483925819397,0.3263191878795624
78,9,F,/,1,0.5896247625350952,0.3185901939868927
78,9,F,/,2,0.5900532007217407,0.2674567997455597
78,9,F,/,3,0.5605838298797607,0.2890340983867645
78,9,F,/,4,0.5158716440200806,0.2776995301246643
78,9,F,/,5,0.48315829038619995,0.3017599284648895
78,9,F,/,6,0.4618627429008484,0.32990023493766785
78,9,F,/,7,0.4413188099861145,0.3344999849796295
78,9,F,/,8,0.4409274756908417,0.3218294084072113
78,9,F,/,9,0.44285717606544495,0.3351117968559265
78,9,F,/,10,0.4417126178741455,0.29549846053123474
78,9,F,/,11,0.4561074376106262,0.3404405415058136
78,9,F,/,12,0.47138169407844543,0.35754793882369995
78,9,F,/,13,0.48608922958374023,0.3486930727958679
78,9,F,/,14,0.49678435921669006,0.29576197266578674
78,9,F,/,15,0.511335015296936,0.2843112349510193
78,9,F,/,16,0.5322174429893494,0.33727017045021057
78,9,F,/,17,0.5624899864196777,0.35310283303260803
78,9,F,/,18,0.5794433951377869,0.32194840908050537
78,9,F,/,19,0.5866066217422485,0.2647446095943451
78,9,F,/,20,0.5983907580375671,0.22823455929756165
78,9,F,/,21,0.597761332988739,0.22094868123531342
78,9,F,/,22,0.595458447933197,0.1982736438512802
78,9,F,/,23,0.6116387844085693,0.1817040890455246
78,9,F,/,24,0.6183485388755798,0.14429107308387756
78,9,F,/,25,0.6272128224372864,0.10104788839817047
78,9,F,/,26,0.6359955072402954,0.07166921347379684
78,9,F,/,27,0.6453371047973633,0.06054781749844551
78,9,F,/,28,0.6556322574615479,0.05200581252574921
78,9,F,/,29,0.6624089479446411,0.039879169315099716
78,9,F,/,30,0.6610938906669617,0.035912588238716125
78,9,F,/,31,0.6520189046859741,0.045632168650627136
78,9,F,/,32,0.637924075126648,0.055115848779678345
78,9,F,/,33,0.6241051554679871,0.05426721274852753
78,9,F,/,34,0.610367476940155,0.054695453494787216
78,9,F,/,35,0.5965725779533386,0.05547063797712326
78,9,F,/,36,0.587729275226593,0.06457339227199554
78,9,F,/,37,0.5807242393493652,0.06121382117271423
78,9,F,/,38,0.5764864087104797,0.05791233479976654
78,9,F,/,39,0.5785421133041382,0.0642644464969635
78,9,F,/,40,0.580708384513855,0.060464635491371155
78,9,F,/,41,0.5798318982124329,0.057965122163295746
78,9,F,/,42,0.5762682557106018,0.058471664786338806
78,9,F,/,43,0.5689243078231812,0.06363357603549957
78,9,F,/,44,0.5642930865287781,0.06473901867866516
78,9,F,/,45,0.5613629221916199,0.0624566413462162
78,9,F,/,46,0.5583193302154541,0.07021977752447128
78,9,F,/,47,0.5573931336402893,0.08581719547510147
78,9,F,/,48,0.5612644553184509,0.11593779176473618
78,9,F,/,49,0.5720186829566956,0.13874569535255432
78,9,F,/,50,0.5996143221855164,0.20885999500751495
78,9,F,/,51,0.6368404626846313,0.3041975498199463
78,9,F,/,52,0.6547903418540955,0.3196834325790405
78,9,F,/,53,0.6539454460144043,0.29923775792121887
78,9,F,/,54,0.6614217758178711,0.26239413022994995
78,9,F,/,55,0.6866324543952942,0.26679012179374695
78,9,F,/,56,0.6960618495941162,0.2814883291721344
78,9,F,/,57,0.6808183789253235,0.238127201795578
78,9,F,/,58,0.6878145337104797,0.24672462046146393
78,9,F,/,59,0.6802139282226562,0.22883179783821106
78,9,F,/,60,0.665640652179718,0.1665356308221817
78,9,F,/,61,0.6395111083984375,0.14138221740722656
78,9,F,/,62,0.6184281706809998,0.10560014098882675
78,9,F,/,63,0.6164858937263489,0.13461662828922272
79,9,G,/,0,0.5117460489273071,0.19126959145069122
79,9,G,/,1,0.4838351607322693,0.09688445925712585
79,9,G,/,2,0.46931567788124084,0.06663606315851212
79,9,G,/,3,0.4565953314304352,0.07376337796449661
79,9,G,/,4,0.447331964969635,0.07158805429935455
79,9,G,/,5,0.4426470398902893,0.07333701103925705
79,9,G,/,6,0.4387745261192322,0.07047676295042038
79,9,G,/,7,0.43567362427711487,0.07477252930402756
79,9,G,/,8,0.4286181330680847,0.08503438532352448
79,9,G,/,9,0.4239028990268707,0.09882990270853043
79,9,G,/,10,0.413449764251709,0.10240445286035538
79,9,G,/,11,0.402548223733902,0.11958679556846619
79,9,G,/,12,0.3933013081550598,0.1361396610736847
79,9,G,/,13,0.38653698563575745,0.134752094745636
79,9,G,/,14,0.37824317812919617,0.15732279419898987
79,9,G,/,15,0.3728458285331726,0.16442745923995972
79,9,G,/,16,0.37011006474494934,0.1833183914422989
79,9,G,/,17,0.37071582674980164,0.2361426204442978
79,9,G,/,18,0.39362746477127075,0.30619701743125916
79,9,G,/,19,0.3991777300834656,0.2844504714012146
79,9,G,/,20,0.3972814381122589,0.2235410511493683
79,9,G,/,21,0.4125366806983948,0.14023737609386444
79,9,G,/,22,0.4222429096698761,0.11302855610847473
79,9,G,/,23,0.43357744812965393,0.10165763646364212
79,9,G,/,24,0.4538020193576813,0.1011098250746727
79,9,G,/,25,0.4730967879295349,0.10252652317285538
79,9,G,/,26,0.4903714656829834,0.10295486450195312
79,9,G,/,27,0.5078272223472595,0.10138359665870667
79,9,G,/,28,0.5202032327651978,0.100506491959095
79,9,G,/,29,0.5308843851089478,0.1035751923918724
79,9,G,/,30,0.538413941860199,0.11346795409917831
79,9,G,/,31,0.5317214131355286,0.13261723518371582
79,9,G,/,32,0.504341721534729,0.14091630280017853
79,9,G,/,33,0.4689231514930725,0.12099558115005493
79,9,G,/,34,0.4440898895263672,0.09772714972496033
79,9,G,/,35,0.43012917041778564,0.07960772514343262
79,9,G,/,36,0.42275458574295044,0.07289351522922516
79,9,G,/,37,0.4197027087211609,0.07475141435861588
79,9,G,/,38,0.4212682247161865,0.07788204401731491
79,9,G,/,39,0.4261385500431061,0.08289328962564468
79,9,G,/,40,0.4343453645706177,0.08803233504295349
79,9,G,/,41,0.4465920031070709,0.0917525440454483
79,9,G,/,42,0.45440399646759033,0.0985158309340477
79,9,G,/,43,0.4537458121776581,0.1201295554637909
79,9,G,/,44,0.4550448954105377,0.15961280465126038
79,9,G,/,45,0.45017680525779724,0.21459972858428955
79,9,G,/,46,0.45131656527519226,0.2954840064048767
79,9,G,/,47,0.45094823837280273,0.3232477605342865
79,9,G,/,48,0.4682513177394867,0.3481224775314331
79,9,G,/,49,0.47937965393066406,0.3373126685619354
79,9,G,/,50,0.5097718238830566,0.3195326030254364
79,9,G,/,51,0.5255061388015747,0.33192649483680725
79,9,G,/,52,0.5390403270721436,0.3079180419445038
79,9,G,/,53,0.5350231528282166,0.2854485809803009
79,9,G,/,54,0.5356894731521606,0.30528199672698975
79,9,G,/,55,0.5393702983856201,0.32342055439949036
79,9,G,/,56,0.5424227118492126,0.3016357421875
79,9,G,/,57,0.5308440327644348,0.2856298089027405
79,9,G,/,58,0.5154087543487549,0.25774314999580383
79,9,G,/,59,0.5203406810760498,0.25298717617988586
79,9,G,/,60,0.5252166390419006,0.24834443628787994
79,9,G,/,61,0.5441042184829712,0.2574794292449951
79,9,G,/,62,0.5628886222839355,0.2886493504047394
79,9,G,/,63,0.5708737969398499,0.30242112278938293
80,9,H,/,0,0.2592717111110687,0.24931661784648895
80,9,H,/,1,0.238011434674263,0.25955331325531006
80,9,H,/,2,0.21898455917835236,0.20040297508239746
80,9,H,/,3,0.21040554344654083,0.14608098566532135
80,9,H,/,4,0.20532633364200592,0.12735235691070557
80,9,H,/,5,0.20112046599388123,0.09856397658586502
80,9,H,/,6,0.19129085540771484,0.06459198892116547
80,9,H,/,7,0.189073383808136,0.04593643918633461
80,9,H,/,8,0.19000934064388275,0.05391615256667137
80,9,H,/,9,0.1896047443151474,0.05943441763520241
80,9,H,/,10,0.19941790401935577,0.056352414190769196
80,9,H,/,11,0.2063477635383606,0.052327752113342285
80,9,H,/,12,0.20949111878871918,0.05748828873038292
80,9,H,/,13,0.21678246557712555,0.05778275430202484
80,9,H,/,14,0.2264000028371811,0.0517963208258152
80,9,H,/,15,0.22991955280303955,0.04806220158934593
80,9,H,/,16,0.23479995131492615,0.05322977527976036
80,9,H,/,17,0.2328232228755951,0.054277606308460236
80,9,H,/,18,0.229190394282341,0.05358700454235077
80,9,H,/,19,0.22201141715049744,0.06512896716594696
80,9,H,/,20,0.20824937522411346,0.07150982320308685
80,9,H,/,21,0.19990737736225128,0.07114563882350922
80,9,H,/,22,0.18976983428001404,0.08235574513673782
80,9,H,/,23,0.18821954727172852,0.09323763847351074
80,9,H,/,24,0.18617887794971466,0.10737324506044388
80,9,H,/,25,0.18739384412765503,0.1000094786286354
80,9,H,/,26,0.18519051373004913,0.0969797745347023
80,9,H,/,27,0.17706042528152466,0.11691794544458389
80,9,H,/,28,0.1652139574289322,0.12092267721891403
80,9,H,/,29,0.16891558468341827,0.0997561439871788
80,9,H,/,30,0.19201399385929108,0.09897364675998688
80,9,H,/,31,0.2142292708158493,0.08881472051143646
80,9,H,/,32,0.23507626354694366,0.09009745717048645
80,9,H,/,33,0.26224711537361145,0.09395967423915863
80,9,H,/,34,0.29511788487434387,0.10277508199214935
80,9,H,/,35,0.3297306299209595,0.10795238614082336
80,9,H,/,36,0.3639310300350189,0.09744677692651749
80,9,H,/,37,0.38938966393470764,0.07926402240991592
80,9,H,/,38,0.4093928039073944,0.08389033377170563
80,9,H,/,39,0.4163820445537567,0.08894386887550354
80,9,H,/,40,0.4124762713909149,0.074066661298275
80,9,H,/,41,0.41042637825012207,0.10704084485769272
80,9,H,/,42,0.3966542184352875,0.1762656420469284
80,9,H,/,43,0.3835950195789337,0.1839052140712738
80,9,H,/,44,0.36767491698265076,0.23333443701267242
80,9,H,/,45,0.352748304605484,0.22301045060157776
80,9,H,/,46,0.3330131769180298,0.24463236331939697
80,9,H,/,47,0.3123754560947418,0.27089783549308777
80,9,H,/,48,0.31556621193885803,0.2800930142402649
80,9,H,/,49,0.3145451843738556,0.28157299757003784
80,9,H,/,50,0.2989392578601837,0.2473960965871811
80,9,H,/,51,0.301626056432724,0.21763361990451813
80,9,H,/,52,0.30997928977012634,0.2539327144622803
80,9,H,/,53,0.3158935308456421,0.24455411732196808
80,9,H,/,54,0.3170337975025177,0.2218175083398819
80,9,H,/,55,0.3235863745212555,0.19144469499588013
80,9,H,/,56,0.32239946722984314,0.1569388061761856
80,9,H,/,57,0.3206649720668793,0.18362708389759064
80,9,H,/,58,0.31272268295288086,0.16771262884140015
80,9,H,/,59,0.30821943283081055,0.15167662501335144
80,9,H,/,60,0.31117191910743713,0.16991378366947174
80,9,H,/,61,0.32890141010284424,0.23363324999809265
80,9,H,/,62,0.3357882499694824,0.2415820211172104
80,9,H,/,63,0.32217782735824585,0.2766108214855194
81,9,I,/,0,0.17213819921016693,0.03658827394247055
81,9,I,/,1,0.1867840588092804,0.040323447436094284
81,9,I,/,2,0.20675238966941833,0.048352159559726715
81,9,I,/,3,0.23219698667526245,0.05677896365523338
81,9,I,/,4,0.2556043267250061,0.050446443259716034
81,9,I,/,5,0.27767857909202576,0.056005630642175674
81,9,I,/,6,0.2993790805339813,0.06454364955425262
81,9,I,/,7,0.3213947117328644,0.06718798726797104
81,9,I,/,8,0.3415811061859131,0.06789755076169968
81,9,I,/,9,0.3632897734642029,0.06226366385817528
81,9,I,/,10,0.37974879145622253,0.049615152180194855
81,9,I,/,11,0.3911803066730499,0.04235771670937538
81,9,I,/,12,0.400442510843277,0.04140441119670868
81,9,I,/,13,0.4052802324295044,0.04640024155378342
81,9,I,/,14,0.4097568988800049,0.05133980140089989
81,9,I,/,15,0.41360828280448914,0.05107301101088524
81,9,I,/,16,0.4164993166923523,0.04689691215753555
81,9,I,/,17,0.42117011547088623,0.052787747234106064
81,9,I,/,18,0.43043965101242065,0.05280739441514015
81,9,I,/,19,0.4360848069190979,0.05235135927796364
81,9,I,/,20,0.44052812457084656,0.055516939610242844
81,9,I,/,21,0.44667282700538635,0.05239322409033775
81,9,I,/,22,0.45507246255874634,0.05178733542561531
81,9,I,/,23,0.46098119020462036,0.050872787833213806
81,9,I,/,24,0.4652000367641449,0.050887178629636765
81,9,I,/,25,0.4705723226070404,0.05157603695988655
81,9,I,/,26,0.47707632184028625,0.05283951014280319
81,9,I,/,27,0.4823847711086273,0.05333946272730827
81,9,I,/,28,0.48854485154151917,0.05865589529275894
81,9,I,/,29,0.4937174916267395,0.057966139167547226
81,9,I,/,30,0.5014367699623108,0.06079971417784691
81,9,I,/,31,0.510547935962677,0.06276112794876099
81,9,I,/,32,0.5222688913345337,0.06179621443152428
81,9,I,/,33,0.5294273495674133,0.061474356800317764
81,9,I,/,34,0.5306342840194702,0.060448843985795975
81,9,I,/,35,0.5326318740844727,0.059473201632499695
81,9,I,/,36,0.5352783203125,0.059147484600543976
81,9,I,/,37,0.5374763011932373,0.058125369250774384
81,9,I,/,38,0.5408286452293396,0.0620269775390625
81,9,I,/,39,0.5458887219429016,0.061317965388298035
81,9,I,/,40,0.5500949025154114,0.058284275233745575
81,9,I,/,41,0.551213800907135,0.053643159568309784
81,9,I,/,42,0.5567071437835693,0.05628565698862076
81,9,I,/,43,0.5601438283920288,0.05388510972261429
81,9,I,/,44,0.5615780353546143,0.056157492101192474
81,9,I,/,45,0.5644004940986633,0.05547969788312912
81,9,I,/,46,0.5664345026016235,0.060770388692617416
81,9,I,/,47,0.5655897855758667,0.05939817428588867
81,9,I,/,48,0.5656822919845581,0.05493226274847984
81,9,I,/,49,0.5680649280548096,0.05337640270590782
81,9,I,/,50,0.5698971152305603,0.05002410337328911
81,9,I,/,51,0.5715606212615967,0.047474201768636703
81,9,I,/,52,0.579212486743927,0.0503978431224823
81,9,I,/,53,0.593782901763916,0.054741207510232925
81,9,I,/,54,0.6091018319129944,0.053821224719285965
81,9,I,/,55,0.6209583878517151,0.04250887408852577
81,9,I,/,56,0.6316050887107849,0.03608807548880577
81,9,I,/,57,0.6422165632247925,0.049793366342782974
81,9,I,/,58,0.6475422978401184,0.06695404648780823
81,9,I,/,59,0.6505445837974548,0.05335928872227669
81,9,I,/,60,0.6534883975982666,0.05242349952459335
81,9,I,/,61,0.6591458916664124,0.0800558477640152
81,9,I,/,62,0.6589829325675964,0.11090295761823654
81,9,I,/,63,0.6502948999404907,0.1269085854291916
85,10,D,.,0,0.33032211661338806,0.045622553676366806
85,10,D,.,1,0.34480977058410645,0.05592087283730507
85,10,D,.,2,0.34958723187446594,0.05414406955242157
85,10,D,.,3,0.34828150272369385,0.08551580458879471
85,10,D,.,4,0.3602302372455597,0.10200447589159012
85,10,D,.,5,0.35959601402282715,0.08498828858137131
85,10,D,.,6,0.3605940043926239,0.06960462778806686
85,10,D,.,7,0.36467090249061584,0.07456935942173004
85,10,D,.,8,0.37023022770881653,0.09368287026882172
85,10,D,.,9,0.3657275140285492,0.11001784354448318
85,10,D,.,10,0.3647059202194214,0.14324110746383667
85,10,D,.,11,0.37202414870262146,0.1713012307882309
85,10,D,.,12,0.3752036392688751,0.181654691696167
85,10,D,.,13,0.37512433528900146,0.18780337274074554
85,10,D,.,14,0.3837738037109375,0.2149888128042221
85,10,D,.,15,0.3823390305042267,0.20738986134529114
85,10,D,.,16,0.3760317862033844,0.19362036883831024
85,10,D,.,17,0.38020414113998413,0.1910618543624878
85,10,D,.,18,0.3827769160270691,0.2061884105205536
85,10,D,.,19,0.38511350750923157,0.19811277091503143
85,10,D,.,20,0.38085055351257324,0.21024194359779358
85,10,D,.,21,0.37518903613090515,0.18819881975650787
85,10,D,.,22,0.3718954622745514,0.1963796317577362
85,10,D,.,23,0.3702407777309418,0.19814881682395935
85,10,D,.,24,0.3630637228488922,0.1625884622335434
85,10,D,.,25,0.35052046179771423,0.1493244618177414
85,10,D,.,26,0.33713388442993164,0.1245017796754837
85,10,D,.,27,0.3392750918865204,0.11124254018068314
85,10,D,.,28,0.34257030487060547,0.12127216905355453
85,10,D,.,29,0.33725491166114807,0.12544207274913788
85,10,D,.,30,0.3368746340274811,0.13703368604183197
85,10,D,.,31,0.3374212682247162,0.1534973531961441
85,10,D,.,32,0.33407461643218994,0.13464733958244324
85,10,D,.,33,0.3325965702533722,0.13382337987422943
85,10,D,.,34,0.32699668407440186,0.11977645754814148
85,10,D,.,35,0.3262600600719452,0.11310695856809616
85,10,D,.,36,0.3212834298610687,0.10997027903795242
85,10,D,.,37,0.32058826088905334,0.1331663727760315
85,10,D,.,38,0.32065442204475403,0.13761138916015625
85,10,D,.,39,0.3109900951385498,0.13088133931159973
85,10,D,.,40,0.30057957768440247,0.09764894098043442
85,10,D,.,41,0.300258994102478,0.1099277213215828
85,10,D,.,42,0.30630695819854736,0.11503025144338608
85,10,D,.,43,0.3052457273006439,0.10629721730947495
85,10,D,.,44,0.3010185658931732,0.10402993112802505
85,10,D,.,45,0.3009099066257477,0.09306085109710693
85,10,D,.,46,0.3057233691215515,0.09458031505346298
85,10,D,.,47,0.30126243829727173,0.08862843364477158
85,10,D,.,48,0.3035675585269928,0.07281850278377533
85,10,D,.,49,0.31305795907974243,0.07301438599824905
85,10,D,.,50,0.31186485290527344,0.06389454752206802
85,10,D,.,51,0.31363701820373535,0.06553254276514053
85,10,D,.,52,0.31408751010894775,0.0651598796248436
85,10,D,.,53,0.31185662746429443,0.07650381326675415
85,10,D,.,54,0.31600770354270935,0.07255428284406662
85,10,D,.,55,0.3222447335720062,0.06900720298290253
85,10,D,.,56,0.3239632248878479,0.058172669261693954
85,10,D,.,57,0.32570603489875793,0.04169807583093643
85,10,D,.,58,0.32778099179267883,0.032029904425144196
85,10,D,.,59,0.33168211579322815,0.028406979516148567
85,10,D,.,60,0.33602115511894226,0.0277412049472332
85,10,D,.,61,0.33980634808540344,0.027702517807483673
85,10,D,.,62,0.3426269292831421,0.02663000300526619
85,10,D,.,63,0.34579387307167053,0.026170426979660988
86,10,E,/,0,0.5980205535888672,0.052766069769859314
86,10,E,/,1,0.5984251499176025,0.05489795655012131
86,10,E,/,2,0.5991948843002319,0.05900674685835838
86,10,E,/,3,0.5975713133811951,0.07717633247375488
86,10,E,/,4,0.5900107622146606,0.09130115061998367
86,10,E,/,5,0.571288526058197,0.10268107801675797
86,10,E,/,6,0.5634803771972656,0.11130023002624512
86,10,E,/,7,0.5659076571464539,0.11180083453655243
86,10,E,/,8,0.5718176364898682,0.10778965801000595
86,10,E,/,9,0.5803143978118896,0.09537836164236069
86,10,E,/,10,0.5846660733222961,0.08153608441352844
86,10,E,/,11,0.5860227346420288,0.06423576176166534
86,10,E,/,12,0.5874570608139038,0.04835902526974678
86,10,E,/,13,0.5858886241912842,0.042305927723646164
86,10,E,/,14,0.5847529768943787,0.04239484667778015
86,10,E,/,15,0.5840950012207031,0.04320605844259262
86,10,E,/,16,0.5845686793327332,0.04468672722578049
86,10,E,/,17,0.5848397016525269,0.04554801434278488
86,10,E,/,18,0.5875394940376282,0.04912900552153587
86,10,E,/,19,0.59030681848526,0.052382662892341614
86,10,E,/,20,0.5925318598747253,0.0495200976729393
86,10,E,/,21,0.5991508960723877,0.05026491731405258
86,10,E,/,22,0.6059986352920532,0.04863514378666878
86,10,E,/,23,0.6118119955062866,0.05050969496369362
86,10,E,/,24,0.6157819032669067,0.05287366360425949
86,10,E,/,25,0.6194648742675781,0.055998124182224274
86,10,E,/,26,0.6243582367897034,0.05566397309303284
86,10,E,/,27,0.6298101544380188,0.05749509111046791
86,10,E,/,28,0.6355639100074768,0.05268636718392372
86,10,E,/,29,0.6372788548469543,0.04755319654941559
86,10,E,/,30,0.6378501057624817,0.05187595635652542
86,10,E,/,31,0.6383166909217834,0.0545356310904026
86,10,E,/,32,0.6408963799476624,0.04681335762143135
86,10,E,/,33,0.6428260207176208,0.04691292718052864
86,10,E,/,34,0.6445661187171936,0.050809938460588455
86,10,E,/,35,0.6426908373832703,0.04916571080684662
86,10,E,/,36,0.6416192054748535,0.04511161521077156
86,10,E,/,37,0.6425995230674744,0.04918168857693672
86,10,E,/,38,0.644702672958374,0.047112684696912766
86,10,E,/,39,0.6469006538391113,0.049740858376026154
86,10,E,/,40,0.6493674516677856,0.04921010136604309
86,10,E,/,41,0.6504824757575989,0.04709137976169586
86,10,E,/,42,0.6557890176773071,0.05186876282095909
86,10,E,/,43,0.6589173078536987,0.05002153292298317
86,10,E,/,44,0.6620940566062927,0.05154947564005852
86,10,E,/,45,0.6666345000267029,0.049623966217041016
86,10,E,/,46,0.6679151058197021,0.04420812427997589
86,10,E,/,47,0.6684185266494751,0.04082830622792244
86,10,E,/,48,0.6699479222297668,0.04140358418226242
86,10,E,/,49,0.6747026443481445,0.046540386974811554
86,10,E,/,50,0.6787527799606323,0.061747897416353226
86,10,E,/,51,0.6850310564041138,0.08734630048274994
86,10,E,/,52,0.6939422488212585,0.13650330901145935
86,10,E,/,53,0.6951538324356079,0.17461633682250977
86,10,E,/,54,0.6882433295249939,0.14260733127593994
86,10,E,/,55,0.6824505925178528,0.15196193754673004
86,10,E,/,56,0.6805417537689209,0.19367243349552155
86,10,E,/,57,0.6871439814567566,0.20962125062942505
86,10,E,/,58,0.6837138533592224,0.18718914687633514
86,10,E,/,59,0.6813229918479919,0.13992521166801453
86,10,E,/,60,0.6777474284172058,0.08996821194887161
86,10,E,/,61,0.6779479384422302,0.057098615914583206
86,10,E,/,62,0.6838832497596741,0.033908143639564514
86,10,E,/,63,0.6932797431945801,0.029582016170024872
89,10,H,.,0,0.27570027112960815,0.06336719542741776
89,10,H,.,1,0.26580163836479187,0.0553370825946331
89,10,H,.,2,0.260990709066391,0.05003603547811508
89,10,H,.,3,0.2602076232433319,0.04795699939131737
89,10,H,.,4,0.2588235139846802,0.046124786138534546
89,10,H,.,5,0.26092296838760376,0.05410183221101761
89,10,H,.,6,0.26099368929862976,0.06356268376111984
89,10,H,.,7,0.25770309567451477,0.06085408851504326
89,10,H,.,8,0.25763002038002014,0.06430917233228683
89,10,H,.,9,0.25780192017555237,0.06790995597839355
89,10,H,.,10,0.2616610825061798,0.07751674950122833
89,10,H,.,11,0.2629612982273102,0.09366407990455627
89,10,H,.,12,0.2653695344924927,0.08622612804174423
89,10,H,.,13,0.26657888293266296,0.07864870876073837
89,10,H,.,14,0.26757603883743286,0.07912900298833847
89,10,H,.,15,0.268307626247406,0.08556390553712845
89,10,H,.,16,0.27050599455833435,0.0961974486708641
89,10,H,.,17,0.2734622657299042,0.09727173298597336
89,10,H,.,18,0.2765500843524933,0.09210623800754547
89,10,H,.,19,0.28227555751800537,0.10287167131900787
89,10,H,.,20,0.27695444226264954,0.09555390477180481
89,10,H,.,21,0.27832886576652527,0.09870518743991852
89,10,H,.,22,0.2850930094718933,0.1021018922328949
89,10,H,.,23,0.287043958902359,0.09054300934076309
89,10,H,.,24,0.28911763429641724,0.09451155364513397
89,10,H,.,25,0.28574198484420776,0.10091864317655563
89,10,H,.,26,0.28513678908348083,0.10543423146009445
89,10,H,.,27,0.284943550825119,0.10451820492744446
89,10,H,.,28,0.285211443901062,0.10046893358230591
89,10,H,.,29,0.2877956032752991,0.11031503230333328
89,10,H,.,30,0.2932620346546173,0.11329244077205658
89,10,H,.,31,0.2884610891342163,0.10826614499092102
89,10,H,.,32,0.28787660598754883,0.10286818444728851
89,10,H,.,33,0.2877718508243561,0.11178223788738251
89,10,H,.,34,0.2835724651813507,0.1137324869632721
89,10,H,.,35,0.28608202934265137,0.13127924501895905
89,10,H,.,36,0.2819964289665222,0.14716924726963043
89,10,H,.,37,0.2821616530418396,0.13747435808181763
89,10,H,.,38,0.2777336537837982,0.13115966320037842
89,10,H,.,39,0.2711207866668701,0.12533289194107056
89,10,H,.,40,0.26728326082229614,0.1162487342953682
89,10,H,.,41,0.2660994231700897,0.12426166236400604
89,10,H,.,42,0.26074686646461487,0.125136137008667
89,10,H,.,43,0.25793227553367615,0.11326182633638382
89,10,H,.,44,0.25719377398490906,0.11366601288318634
89,10,H,.,45,0.2600281536579132,0.12087808549404144
89,10,H,.,46,0.2600423991680145,0.13326966762542725
89,10,H,.,47,0.25898468494415283,0.13953068852424622
89,10,H,.,48,0.25770696997642517,0.138834610581398
89,10,H,.,49,0.26057571172714233,0.15895716845989227
89,10,H,.,50,0.26228711009025574,0.15741518139839172
89,10,H,.,51,0.26418986916542053,0.14944644272327423
89,10,H,.,52,0.269803911447525,0.16609026491641998
89,10,H,.,53,0.2726409435272217,0.17702458798885345
89,10,H,.,54,0.273834764957428,0.17335808277130127
89,10,H,.,55,0.27778905630111694,0.16742083430290222
89,10,H,.,56,0.28339406847953796,0.17110829055309296
89,10,H,.,57,0.27710017561912537,0.16469112038612366
89,10,H,.,58,0.2709377110004425,0.1603221297264099
89,10,H,.,59,0.27364295721054077,0.1686636209487915
89,10,H,.,60,0.26913416385650635,0.16058260202407837
89,10,H,.,61,0.26581621170043945,0.14805856347084045
89,10,H,.,62,0.2788611352443695,0.18658022582530975
89,10,H,.,63,0.28387099504470825,0.21298615634441376
90,10,I,.,0,0.31190475821495056,0.2608635723590851
90,10,I,.,1,0.319319486618042,0.2475670576095581
90,10,I,.,2,0.32058823108673096,0.2598320245742798
90,10,I,.,3,0.32793545722961426,0.2698814272880554
90,10,I,.,4,0.33635979890823364,0.23510539531707764
90,10,I,.,5,0.335234671831131,0.17718109488487244
90,10,I,.,6,0.33447545766830444,0.1495898962020874
90,10,I,.,7,0.33925074338912964,0.14912083745002747
90,10,I,.,8,0.3506223261356354,0.18455040454864502
90,10,I,.,9,0.35376495122909546,0.19479452073574066
90,10,I,.,10,0.3497847616672516,0.17936846613883972
90,10,I,.,11,0.360321044921875,0.17863483726978302
90,10,I,.,12,0.3630467653274536,0.16224350035190582
90,10,I,.,13,0.36722275614738464,0.12654750049114227
90,10,I,.,14,0.36646774411201477,0.12314555794000626
90,10,I,.,15,0.37316086888313293,0.13087882101535797
90,10,I,.,16,0.3803098797798157,0.13553035259246826
90,10,I,.,17,0.3820306360721588,0.12788353860378265
90,10,I,.,18,0.3846316933631897,0.11844164878129959
90,10,I,.,19,0.3902477025985718,0.12266773730516434
90,10,I,.,20,0.40244463086128235,0.12677915394306183
90,10,I,.,21,0.4120979309082031,0.1026502251625061
90,10,I,.,22,0.4194067418575287,0.08648800104856491
90,10,I,.,23,0.4287912845611572,0.0715513750910759
90,10,I,.,24,0.43806371092796326,0.08055297285318375
90,10,I,.,25,0.4465746581554413,0.07272257655858994
90,10,I,.,26,0.45267486572265625,0.06343725323677063
90,10,I,.,27,0.46136659383773804,0.05845342203974724
90,10,I,.,28,0.4678242802619934,0.05582933500409126
90,10,I,.,29,0.47412949800491333,0.05754684656858444
90,10,I,.,30,0.4817350506782532,0.055833712220191956
90,10,I,.,31,0.49105170369148254,0.05946080759167671
90,10,I,.,32,0.4981588125228882,0.05792815983295441
90,10,I,.,33,0.5055733919143677,0.06052161753177643
90,10,I,.,34,0.5137972235679626,0.06235755234956741
90,10,I,.,35,0.5229881405830383,0.06603129208087921
90,10,I,.,36,0.5322638154029846,0.0696723684668541
90,10,I,.,37,0.5417981743812561,0.07379672676324844
90,10,I,.,38,0.5509443283081055,0.08215396851301193
90,10,I,.,39,0.5586783289909363,0.08523041754961014
90,10,I,.,40,0.569983959197998,0.09059003740549088
90,10,I,.,41,0.5786656737327576,0.0935351550579071
90,10,I,.,42,0.5922567844390869,0.11293085664510727
90,10,I,.,43,0.6062644124031067,0.1176944300532341
90,10,I,.,44,0.6144130825996399,0.12154492735862732
90,10,I,.,45,0.6166602969169617,0.1164134293794632
90,10,I,.,46,0.6233704090118408,0.11019957065582275
90,10,I,.,47,0.629546046257019,0.09991946071386337
90,10,I,.,48,0.6359477639198303,0.08575213700532913
90,10,I,.,49,0.6368515491485596,0.08775069564580917
90,10,I,.,50,0.6448547840118408,0.11150234192609787
90,10,I,.,51,0.6519239544868469,0.1253822296857834
90,10,I,.,52,0.6551734805107117,0.13174420595169067
90,10,I,.,53,0.6568320989608765,0.14227163791656494
90,10,I,.,54,0.6582127809524536,0.14316235482692719
90,10,I,.,55,0.6560513973236084,0.15267708897590637
90,10,I,.,56,0.6616345047950745,0.15322387218475342
90,10,I,.,57,0.6654074192047119,0.1567951738834381
90,10,I,.,58,0.6801397204399109,0.2089659571647644
90,10,I,.,59,0.6866047978401184,0.2304735630750656
90,10,I,.,60,0.6847764253616333,0.2046799212694168
90,10,I,.,61,0.690290629863739,0.21942290663719177
90,10,I,.,62,0.7059361338615417,0.20945803821086884
90,10,I,.,63,0.7115750312805176,0.21185347437858582
92,11,B,.,0,0.2619747817516327,0.22016191482543945
92,11,B,.,1,0.2543252408504486,0.21563561260700226
92,11,B,.,2,0.24391122162342072,0.20867635309696198
92,11,B,.,3,0.2404613196849823,0.209192156791687
92,11,B,.,4,0.2441602647304535,0.1882767677307129
92,11,B,.,5,0.24527627229690552,0.1683603674173355
92,11,B,.,6,0.25075191259384155,0.16329866647720337
92,11,B,.,7,0.23550422489643097,0.14022693037986755
92,11,B,.,8,0.23836316168308258,0.1303190290927887
92,11,B,.,9,0.24511447548866272,0.13653530180454254
92,11,B,.,10,0.23778094351291656,0.11304152011871338
92,11,B,.,11,0.23396632075309753,0.09273950755596161
92,11,B,.,12,0.23532429337501526,0.08148439973592758
92,11,B,.,13,0.2364940047264099,0.06638671457767487
92,11,B,.,14,0.23924413323402405,0.06320489197969437
92,11,B,.,15,0.23868729174137115,0.05877852067351341
92,11,B,.,16,0.236747607588768,0.04779134318232536
92,11,B,.,17,0.2363148331642151,0.04499495029449463
92,11,B,.,18,0.2384737879037857,0.04754866287112236
92,11,B,.,19,0.23645511269569397,0.04260426014661789
92,11,B,.,20,0.2347339242696762,0.037667155265808105
92,11,B,.,21,0.23009102046489716,0.03255711868405342
92,11,B,.,22,0.22631977498531342,0.03458056598901749
92,11,B,.,23,0.2223132699728012,0.03470154479146004
92,11,B,.,24,0.21852941811084747,0.034029521048069
92,11,B,.,25,0.2146211862564087,0.0332726314663887
92,11,B,.,26,0.21067538857460022,0.03474733605980873
92,11,B,.,27,0.20663100481033325,0.03209908679127693
92,11,B,.,28,0.20354358851909637,0.031053787097334862
92,11,B,.,29,0.20102199912071228,0.029226696118712425
92,11,B,.,30,0.19795604050159454,0.031576383858919144
92,11,B,.,31,0.19477124512195587,0.0319085456430912
92,11,B,.,32,0.19253946840763092,0.031529828906059265
92,11,B,.,33,0.19203802943229675,0.03696659579873085
92,11,B,.,34,0.19124822318553925,0.05343251675367355
92,11,B,.,35,0.19477927684783936,0.06723737716674805
92,11,B,.,36,0.19405822455883026,0.07513977587223053
92,11,B,.,37,0.19010046124458313,0.0750899687409401
92,11,B,.,38,0.19153134524822235,0.08736669272184372
92,11,B,.,39,0.19365772604942322,0.09642906486988068
92,11,B,.,40,0.19287212193012238,0.0836990624666214
92,11,B,.,41,0.19023308157920837,0.08151522278785706
92,11,B,.,42,0.18988387286663055,0.09729239344596863
92,11,B,.,43,0.18983960151672363,0.10764168947935104
92,11,B,.,44,0.1948816031217575,0.1254628598690033
92,11,B,.,45,0.19577085971832275,0.13215336203575134
92,11,B,.,46,0.193084254860878,0.14675459265708923
92,11,B,.,47,0.19127048552036285,0.15646277368068695
92,11,B,.,48,0.19373638927936554,0.17129535973072052
92,11,B,.,49,0.18951468169689178,0.16331928968429565
92,11,B,.,50,0.1893230378627777,0.18933136761188507
92,11,B,.,51,0.20253576338291168,0.24773246049880981
92,11,B,.,52,0.20760183036327362,0.2725163996219635
92,11,B,.,53,0.19957108795642853,0.2445462942123413
92,11,B,.,54,0.20282867550849915,0.2411651462316513
92,11,B,.,55,0.194658562541008,0.24808885157108307
92,11,B,.,56,0.20725317299365997,0.3000693917274475
92,11,B,.,57,0.21647778153419495,0.32458969950675964
92,11,B,.,58,0.22174334526062012,0.31314873695373535
92,11,B,.,59,0.2207636535167694,0.2926129698753357
92,11,B,.,60,0.21683190762996674,0.24792498350143433
92,11,B,.,61,0.22929365932941437,0.2716588079929352
92,11,B,.,62,0.24442654848098755,0.29987233877182007
92,11,B,.,63,0.2433270364999771,0.27865687012672424
95,11,E,.,0,0.44621849060058594,0.06169386953115463
95,11,E,.,1,0.4489043056964874,0.05659717693924904
95,11,E,.,2,0.4516512155532837,0.0588466115295887
95,11,E,.,3,0.45591700077056885,0.04999316856265068
95,11,E,.,4,0.4601023197174072,0.04604991152882576
95,11,E,.,5,0.46001186966896057,0.04698003828525543
95,11,E,.,6,0.4648391604423523,0.06523694843053818
95,11,E,.,7,0.4714635908603668,0.06871680915355682
95,11,E,.,8,0.47703322768211365,0.06346692889928818
95,11,E,.,9,0.47981542348861694,0.05970902740955353
95,11,E,.,10,0.48566874861717224,0.06762728095054626
95,11,E,.,11,0.4943646192550659,0.06402407586574554
95,11,E,.,12,0.4986124038696289,0.05978832393884659
95,11,E,.,13,0.5068480372428894,0.07122219353914261
95,11,E,.,14,0.5150326490402222,0.06933531910181046
95,11,E,.,15,0.5210679769515991,0.07167378067970276
95,11,E,.,16,0.5306457877159119,0.07018884271383286
95,11,E,.,17,0.5377652645111084,0.06558123230934143
95,11,E,.,18,0.5434287786483765,0.06549211591482162
95,11,E,.,19,0.5508255958557129,0.08141336590051651
95,11,E,.,20,0.5624141097068787,0.08491656929254532
95,11,E,.,21,0.5713700652122498,0.08302181214094162
95,11,E,.,22,0.5802413821220398,0.08263842016458511
95,11,E,.,23,0.5892282128334045,0.0712433010339737
95,11,E,.,24,0.5936275124549866,0.06206259876489639
95,11,E,.,25,0.5998547673225403,0.07189998775720596
95,11,E,.,26,0.6093924045562744,0.08121334761381149
95,11,E,.,27,0.6191325783729553,0.06920652836561203
95,11,E,.,28,0.6239783763885498,0.060910820960998535
95,11,E,.,29,0.6307547092437744,0.059589702636003494
95,11,E,.,30,0.6374094486236572,0.05351681634783745
95,11,E,.,31,0.6438503265380859,0.05155913159251213
95,11,E,.,32,0.6487566232681274,0.05033038184046745
95,11,E,.,33,0.6530482172966003,0.04429776221513748
95,11,E,.,34,0.6575801372528076,0.046841077506542206
95,11,E,.,35,0.6643571257591248,0.049254097044467926
95,11,E,.,36,0.6687819957733154,0.044118545949459076
95,11,E,.,37,0.6723816990852356,0.04274321347475052
95,11,E,.,38,0.6767473220825195,0.0390448160469532
95,11,E,.,39,0.680343747138977,0.03438836708664894
95,11,E,.,40,0.6831176280975342,0.03138899430632591
95,11,E,.,41,0.6843014359474182,0.04026801511645317
95,11,E,.,42,0.6850255727767944,0.04764794930815697
95,11,E,.,43,0.6857652068138123,0.057117871940135956
95,11,E,.,44,0.6835497617721558,0.07121506333351135
95,11,E,.,45,0.6796103715896606,0.08334826678037643
95,11,E,.,46,0.6775040030479431,0.08630961924791336
95,11,E,.,47,0.6707225441932678,0.10378438979387283
95,11,E,.,48,0.6629902124404907,0.1100585013628006
95,11,E,.,49,0.6531219482421875,0.1174112856388092
95,11,E,.,50,0.644854724407196,0.12208878993988037
95,11,E,.,51,0.6337019205093384,0.12794172763824463
95,11,E,.,52,0.6190950274467468,0.13367591798305511
95,11,E,.,53,0.603952169418335,0.13598325848579407
95,11,E,.,54,0.5910639762878418,0.14614836871623993
95,11,E,.,55,0.5769100189208984,0.1519329845905304
95,11,E,.,56,0.563734233379364,0.16309784352779388
95,11,E,.,57,0.5415722727775574,0.16777226328849792
95,11,E,.,58,0.5202485918998718,0.1786303073167801
95,11,E,.,59,0.49981436133384705,0.1861983984708786
95,11,E,.,60,0.4769773483276367,0.201470747590065
95,11,E,.,61,0.4504607319831848,0.21203482151031494
95,11,E,.,62,0.41477304697036743,0.247029110789299
95,11,E,.,63,0.38026562333106995,0.27673470973968506
96,11,F,/,0,0.5542483925819397,0.3263191878795624
96,11,F,/,1,0.5896247625350952,0.3185901939868927
96,11,F,/,2,0.5900532007217407,0.2674567997455597
96,11,F,/,3,0.5605838298797607,0.2890340983867645
96,11,F,/,4,0.5158716440200806,0.2776995301246643
96,11,F,/,5,0.48315829038619995,0.3017599284648895
96,11,F,/,6,0.4618627429008484,0.32990023493766785
96,11,F,/,7,0.4413188099861145,0.3344999849796295
96,11,F,/,8,0.4409274756908417,0.3218294084072113
96,11,F,/,9,0.44285717606544495,0.3351117968559265
96,11,F,/,10,0.4417126178741455,0.29549846053123474
96,11,F,/,11,0.4561074376106262,0.3404405415058136
96,11,F,/,12,0.47138169407844543,0.35754793882369995
96,11,F,/,13,0.48608922958374023,0.3486930727958679
96,11,F,/,14,0.49678435921669006,0.29576197266578674
96,11,F,/,15,0.511335015296936,0.2843112349510193
96,11,F,/,16,0.5322174429893494,0.33727017045021057
96,11,F,/,17,0.5624899864196777,0.35310283303260803
96,11,F,/,18,0.5794433951377869,0.32194840908050537
96,11,F,/,19,0.5866066217422485,0.2647446095943451
96,11,F,/,20,0.5983907580375671,0.22823455929756165
96,11,F,/,21,0.597761332988739,0.22094868123531342
96,11,F,/,22,0.595458447933197,0.1982736438512802
96,11,F,/,23,0.6116387844085693,0.1817040890455246
96,11,F,/,24,0.6183485388755798,0.14429107308387756
96,11,F,/,25,0.6272128224372864,0.10104788839817047
96,11,F,/,26,0.6359955072402954,0.07166921347379684
96,11,F,/,27,0.6453371047973633,0.06054781749844551
96,11,F,/,28,0.6556322574615479,0.05200581252574921
96,11,F,/,29,0.6624089479446411,0.039879169315099716
96,11,F,/,30,0.6610938906669617,0.035912588238716125
96,11,F,/,31,0.6520189046859741,0.045632168650627136
96,11,F,/,32,0.637924075126648,0.055115848779678345
96,11,F,/,33,0.6241051554679871,0.05426721274852753
96,11,F,/,34,0.610367476940155,0.054695453494787216
96,11,F,/,35,0.5965725779533386,0.05547063797712326
96,11,F,/,36,0.587729275226593,0.06457339227199554
96,11,F,/,37,0.5807242393493652,0.06121382117271423
96,11,F,/,38,0.5764864087104797,0.05791233479976654
96,11,F,/,39,0.5785421133041382,0.0642644464969635
96,11,F,/,40,0.580708384513855,0.060464635491371155
96,11,F,/,41,0.5798318982124329,0.057965122163295746
96,11,F,/,42,0.5762682557106018,0.058471664786338806
96,11,F,/,43,0.5689243078231812,0.06363357603549957
96,11,F,/,44,0.5642930865287781,0.06473901867866516
96,11,F,/,45,0.5613629221916199,0.0624566413462162
96,11,F,/,46,0.5583193302154541,0.07021977752447128
96,11,F,/,47,0.5573931336402893,0.08581719547510147
96,11,F,/,48,0.5612644553184509,0.11593779176473618
96,11,F,/,49,0.5720186829566956,0.13874569535255432
96,11,F,/,50,0.5996143221855164,0.20885999500751495
96,11,F,/,51,0.6368404626846313,0.3041975498199463
96,11,F,/,52,0.6547903418540955,0.3196834325790405
96,11,F,/,53,0.6539454460144043,0.29923775792121887
96,11,F,/,54,0.6614217758178711,0.26239413022994995
96,11,F,/,55,0.6866324543952942,0.26679012179374695
96,11,F,/,56,0.6960618495941162,0.2814883291721344
96,11,F,/,57,0.6808183789253235,0.238127201795578
96,11,F,/,58,0.6878145337104797,0.24672462046146393
96,11,F,/,59,0.6802139282226562,0.22883179783821106
96,11,F,/,60,0.665640652179718,0.1665356308221817
96,11,F,/,61,0.6395111083984375,0.14138221740722656
96,11,F,/,62,0.6184281706809998,0.10560014098882675
96,11,F,/,63,0.6164858937263489,0.13461662828922272
97,11,G,.,0,0.7623949646949768,0.17153365910053253
97,11,G,.,1,0.7586504817008972,0.1939687877893448
97,11,G,.,2,0.7482972145080566,0.2118375450372696
97,11,G,.,3,0.7445906400680542,0.22892527282238007
97,11,G,.,4,0.7394712567329407,0.19865630567073822
97,11,G,.,5,0.7360268831253052,0.18059617280960083
97,11,G,.,6,0.7299447059631348,0.15481458604335785
97,11,G,.,7,0.7070727944374084,0.1602214127779007
97,11,G,.,8,0.7005626559257507,0.15067875385284424
97,11,G,.,9,0.691349446773529,0.15112890303134918
97,11,G,.,10,0.6725649833679199,0.13448649644851685
97,11,G,.,11,0.6656168103218079,0.12026657909154892
97,11,G,.,12,0.6546305418014526,0.12747864425182343
97,11,G,.,13,0.6394498348236084,0.13041210174560547
97,11,G,.,14,0.6277067065238953,0.14540866017341614
97,11,G,.,15,0.6215268969535828,0.14312843978405
97,11,G,.,16,0.6089949011802673,0.14650169014930725
97,11,G,.,17,0.5937953591346741,0.14926664531230927
97,11,G,.,18,0.5868574976921082,0.15530939400196075
97,11,G,.,19,0.5754644274711609,0.14113359153270721
97,11,G,.,20,0.5630252361297607,0.1296878457069397
97,11,G,.,21,0.5514289736747742,0.11992198973894119
97,11,G,.,22,0.5387883186340332,0.11393675208091736
97,11,G,.,23,0.5281211137771606,0.11984731256961823
97,11,G,.,24,0.5144362449645996,0.13035346567630768
97,11,G,.,25,0.5022028684616089,0.12242373824119568
97,11,G,.,26,0.49133384227752686,0.12162083387374878
97,11,G,.,27,0.4778134822845459,0.12675844132900238
97,11,G,.,28,0.47188761830329895,0.12039559334516525
97,11,G,.,29,0.4649316966533661,0.11465504765510559
97,11,G,.,30,0.45578131079673767,0.1109456866979599
97,11,G,.,31,0.44579920172691345,0.10581278800964355
97,11,G,.,32,0.43694406747817993,0.09893786907196045
97,11,G,.,33,0.43084970116615295,0.09618817269802094
97,11,G,.,34,0.4248924255371094,0.09961143136024475
97,11,G,.,35,0.4181883633136749,0.09011514484882355
97,11,G,.,36,0.41131314635276794,0.08018595725297928
97,11,G,.,37,0.4024629294872284,0.06939250975847244
97,11,G,.,38,0.3947071433067322,0.0640781819820404
97,11,G,.,39,0.38881632685661316,0.06766440719366074
97,11,G,.,40,0.38179802894592285,0.0694970116019249
97,11,G,.,41,0.3732396364212036,0.07256749272346497
97,11,G,.,42,0.3610341250896454,0.07306916266679764
97,11,G,.,43,0.3530175983905792,0.06708638370037079
97,11,G,.,44,0.3451490104198456,0.06664959341287613
97,11,G,.,45,0.3384852111339569,0.06641820073127747
97,11,G,.,46,0.3267620801925659,0.06965082138776779
97,11,G,.,47,0.3169218599796295,0.07029858976602554
97,11,G,.,48,0.3082244098186493,0.07027622312307358
97,11,G,.,49,0.2990126609802246,0.07150210440158844
97,11,G,.,50,0.2909403443336487,0.0722069963812828
97,11,G,.,51,0.2797582149505615,0.07324264198541641
97,11,G,.,52,0.2687179446220398,0.07115364074707031
97,11,G,.,53,0.26148897409439087,0.07062865793704987
97,11,G,.,54,0.25088396668434143,0.06956726312637329
97,11,G,.,55,0.2417173981666565,0.06626498699188232
97,11,G,.,56,0.23605762422084808,0.06323498487472534
97,11,G,.,57,0.2284223884344101,0.056509826332330704
97,11,G,.,58,0.22446128726005554,0.05457361787557602
97,11,G,.,59,0.2217956930398941,0.05588333681225777
97,11,G,.,60,0.21797753870487213,0.05345219746232033
97,11,G,.,61,0.21814316511154175,0.05210788547992706
97,11,G,.,62,0.22181038558483124,0.05137459188699722
97,11,G,.,63,0.22542694211006165,0.054790157824754715
98,11,H,.,0,0.27570027112960815,0.06336719542741776
98,11,H,.,1,0.26580163836479187,0.0553370825946331
98,11,H,.,2,0.260990709066391,0.05003603547811508
98,11,H,.,3,0.2602076232433319,0.04795699939131737
98,11,H,.,4,0.2588235139846802,0.046124786138534546
98,11,H,.,5,0.26092296838760376,0.05410183221101761
98,11,H,.,6,0.26099368929862976,0.06356268376111984
98,11,H,.,7,0.25770309567451477,0.06085408851504326
98,11,H,.,8,0.25763002038002014,0.06430917233228683
98,11,H,.,9,0.25780192017555237,0.06790995597839355
98,11,H,.,10,0.2616610825061798,0.07751674950122833
98,11,H,.,11,0.2629612982273102,0.09366407990455627
98,11,H,.,12,0.2653695344924927,0.08622612804174423
98,11,H,.,13,0.26657888293266296,0.07864870876073837
98,11,H,.,14,0.26757603883743286,0.07912900298833847
98,11,H,.,15,0.268307626247406,0.08556390553712845
98,11,H,.,16,0.27050599455833435,0.0961974486708641
98,11,H,.,17,0.2734622657299042,0.09727173298597336
98,11,H,.,18,0.2765500843524933,0.09210623800754547
98,11,H,.,19,0.28227555751800537,0.10287167131900787
98,11,H,.,20,0.27695444226264954,0.09555390477180481
98,11,H,.,21,0.27832886576652527,0.09870518743991852
98,11,H,.,22,0.2850930094718933,0.1021018922328949
98,11,H,.,23,0.287043958902359,0.09054300934076309
98,11,H,.,24,0.28911763429641724,0.09451155364513397
98,11,H,.,25,0.28574198484420776,0.10091864317655563
98,11,H,.,26,0.28513678908348083,0.10543423146009445
98,11,H,.,27,0.284943550825119,0.10451820492744446
98,11,H,.,28,0.285211443901062,0.10046893358230591
98,11,H,.,29,0.2877956032752991,0.11031503230333328
98,11,H,.,30,0.2932620346546173,0.11329244077205658
98,11,H,.,31,0.2884610891342163,0.10826614499092102
98,11,H,.,32,0.28787660598754883,0.10286818444728851
98,11,H,.,33,0.2877718508243561,0.11178223788738251
98,11,H,.,34,0.2835724651813507,0.1137324869632721
98,11,H,.,35,0.28608202934265137,0.13127924501895905
98,11,H,.,36,0.2819964289665222,0.14716924726963043
98,11,H,.,37,0.2821616530418396,0.13747435808181763
98,11,H,.,38,0.2777336537837982,0.13115966320037842
98,11,H,.,39,0.2711207866668701,0.12533289194107056
98,11,H,.,40,0.26728326082229614,0.1162487342953682
98,11,H,.,41,0.2660994231700897,0.12426166236400604
98,11,H,.,42,0.26074686646461487,0.125136137008667
98,11,H,.,43,0.25793227553367615,0.11326182633638382
98,11,H,.,44,0.25719377398490906,0.11366601288318634
98,11,H,.,45,0.2600281536579132,0.12087808549404144
98,11,H,.,46,0.2600423991680145,0.13326966762542725
98,11,H,.,47,0.25898468494415283,0.13953068852424622
98,11,H,.,48,0.25770696997642517,0.138834610581398
98,11,H,.,49,0.26057571172714233,0.15895716845989227
98,11,H,.,50,0.26228711009025574,0.15741518139839172
98,11,H,.,51,0.26418986916542053,0.14944644272327423
98,11,H,.,52,0.269803911447525,0.16609026491641998
98,11,H,.,53,0.2726409435272217,0.17702458798885345
98,11,H,.,54,0.273834764957428,0.17335808277130127
98,11,H,.,55,0.27778905630111694,0.16742083430290222
98,11,H,.,56,0.28339406847953796,0.17110829055309296
98,11,H,.,57,0.27710017561912537,0.16469112038612366
98,11,H,.,58,0.2709377110004425,0.1603221297264099
98,11,H,.,59,0.27364295721054077,0.1686636209487915
98,11,H,.,60,0.26913416385650635,0.16058260202407837
98,11,H,.,61,0.26581621170043945,0.14805856347084045
98,11,H,.,62,0.2788611352443695,0.18658022582530975
98,11,H,.,63,0.28387099504470825,0.21298615634441376
101,12,B,/,0,0.3071148693561554,0.06046561896800995
101,12,B,/,1,0.30489423871040344,0.05355837196111679
101,12,B,/,2,0.3014933466911316,0.04766540601849556
101,12,B,/,3,0.2975713014602661,0.04226274415850639
101,12,B,/,4,0.29323968291282654,0.04388673976063728
101,12,B,/,5,0.2851365804672241,0.04492305591702461
101,12,B,/,6,0.2781209349632263,0.04223597049713135
101,12,B,/,7,0.272011399269104,0.051886506378650665
101,12,B,/,8,0.26397448778152466,0.04529355838894844
101,12,B,/,9,0.25630253553390503,0.03592609614133835
101,12,B,/,10,0.24928005039691925,0.035478509962558746
101,12,B,/,11,0.24052798748016357,0.029609430581331253
101,12,B,/,12,0.23129625618457794,0.02731078676879406
101,12,B,/,13,0.2222016602754593,0.026596786454319954
101,12,B,/,14,0.21424314379692078,0.02521440200507641
101,12,B,/,15,0.20764005184173584,0.0235633235424757
101,12,B,/,16,0.20020724833011627,0.02434147521853447
101,12,B,/,17,0.1947234570980072,0.026441726833581924
101,12,B,/,18,0.19505061209201813,0.029950212687253952
101,12,B,/,19,0.199414923787117,0.048452939838171005
101,12,B,/,20,0.19864073395729065,0.05507151409983635
101,12,B,/,21,0.19269725680351257,0.04742401838302612
101,12,B,/,22,0.1927458941936493,0.05190739408135414
101,12,B,/,23,0.19549572467803955,0.07656630873680115
101,12,B,/,24,0.1942770779132843,0.07446657866239548
101,12,B,/,25,0.1961578130722046,0.06786896288394928
101,12,B,/,26,0.1972580850124359,0.07134290784597397
101,12,B,/,27,0.20047825574874878,0.07161734998226166
101,12,B,/,28,0.20446141064167023,0.05835198983550072
101,12,B,/,29,0.2069147825241089,0.05401246249675751
101,12,B,/,30,0.20877985656261444,0.06170649826526642
101,12,B,/,31,0.21537627279758453,0.07830959558486938
101,12,B,/,32,0.22021476924419403,0.0776585191488266
101,12,B,/,33,0.22561469674110413,0.07506043463945389
101,12,B,/,34,0.22733986377716064,0.07351569086313248
101,12,B,/,35,0.22867846488952637,0.07665163278579712
101,12,B,/,36,0.22846302390098572,0.0752439871430397
101,12,B,/,37,0.22689755260944366,0.07748191803693771
101,12,B,/,38,0.2215370088815689,0.07664179056882858
101,12,B,/,39,0.21345669031143188,0.06650587171316147
101,12,B,/,40,0.20630930364131927,0.07936335355043411
101,12,B,/,41,0.1956271529197693,0.07105910778045654
101,12,B,/,42,0.18362902104854584,0.07103081047534943
101,12,B,/,43,0.17347083985805511,0.06478490680456161
101,12,B,/,44,0.16364213824272156,0.05999233201146126
101,12,B,/,45,0.1540340930223465,0.03912380337715149
101,12,B,/,46,0.14773911237716675,0.046798717230558395
101,12,B,/,47,0.13759241998195648,0.04167470335960388
101,12,B,/,48,0.12651462852954865,0.05108071491122246
101,12,B,/,49,0.11541305482387543,0.05421251803636551
101,12,B,/,50,0.10811636596918106,0.06705731153488159
101,12,B,/,51,0.10170573741197586,0.07877345383167267
101,12,B,/,52,0.09711462259292603,0.08248458057641983
101,12,B,/,53,0.09312929213047028,0.08717363327741623
101,12,B,/,54,0.09369806200265884,0.07281967252492905
101,12,B,/,55,0.09061916172504425,0.054981887340545654
101,12,B,/,56,0.0840977132320404,0.05239575356245041
101,12,B,/,57,0.08531969785690308,0.05099324882030487
101,12,B,/,58,0.09085863083600998,0.0677265152335167
101,12,B,/,59,0.10475342720746994,0.08645392954349518
101,12,B,/,60,0.12220702320337296,0.07864411175251007
101,12,B,/,61,0.1381950080394745,0.08871310949325562
101,12,B,/,62,0.1527498960494995,0.10644392669200897
101,12,B,/,63,0.16424903273582458,0.15969133377075195
108,12,I,/,0,0.17213819921016693,0.03658827394247055
108,12,I,/,1,0.1867840588092804,0.040323447436094284
108,12,I,/,2,0.20675238966941833,0.048352159559726715
108,12,I,/,3,0.23219698667526245,0.05677896365523338
108,12,I,/,4,0.2556043267250061,0.050446443259716034
108,12,I,/,5,0.27767857909202576,0.056005630642175674
108,12,I,/,6,0.2993790805339813,0.06454364955425262
108,12,I,/,7,0.3213947117328644,0.06718798726797104
108,12,I,/,8,0.3415811061859131,0.06789755076169968
108,12,I,/,9,0.3632897734642029,0.06226366385817528
108,12,I,/,10,0.37974879145622253,0.049615152180194855
108,12,I,/,11,0.3911803066730499,0.04235771670937538
108,12,I,/,12,0.400442510843277,0.04140441119670868
108,12,I,/,13,0.4052802324295044,0.04640024155378342
108,12,I,/,14,0.4097568988800049,0.05133980140089989
108,12,I,/,15,0.41360828280448914,0.05107301101088524
108,12,I,/,16,0.4164993166923523,0.04689691215753555
108,12,I,/,17,0.42117011547088623,0.052787747234106064
108,12,I,/,18,0.43043965101242065,0.05280739441514015
108,12,I,/,19,0.4360848069190979,0.05235135927796364
108,12,I,/,20,0.44052812457084656,0.055516939610242844
108,12,I,/,21,0.44667282700538635,0.05239322409033775
108,12,I,/,22,0.45507246255874634,0.05178733542561531
108,12,I,/,23,0.46098119020462036,0.050872787833213806
108,12,I,/,24,0.4652000367641449,0.050887178629636765
108,12,I,/,25,0.4705723226070404,0.05157603695988655
108,12,I,/,26,0.47707632184028625,0.05283951014280319
108,12,I,/,27,0.4823847711086273,0.05333946272730827
108,12,I,/,28,0.48854485154151917,0.05865589529275894
108,12,I,/,29,0.4937174916267395,0.057966139167547226
108,12,I,/,30,0.5014367699623108,0.06079971417784691
108,12,I,/,31,0.510547935962677,0.06276112794876099
108,12,I,/,32,0.5222688913345337,0.06179621443152428
108,12,I,/,33,0.5294273495674133,0.061474356800317764
108,12,I,/,34,0.5306342840194702,0.060448843985795975
108,12,I,/,35,0.5326318740844727,0.059473201632499695
108,12,I,/,36,0.5352783203125,0.059147484600543976
108,12,I,/,37,0.5374763011932373,0.058125369250774384
108,12,I,/,38,0.5408286452293396,0.0620269775390625
108,12,I,/,39,0.5458887219429016,0.061317965388298035
108,12,I,/,40,0.5500949025154114,0.058284275233745575
108,12,I,/,41,0.551213800907135,0.053643159568309784
108,12,I,/,42,0.5567071437835693,0.05628565698862076
108,12,I,/,43,0.5601438283920288,0.05388510972261429
108,12,I,/,44,0.5615780353546143,0.056157492101192474
108,12,I,/,45,0.5644004940986633,0.05547969788312912
108,12,I,/,46,0.5664345026016235,0.060770388692617416
108,12,I,/,47,0.5655897855758667,0.05939817428588867
108,12,I,/,48,0.5656822919845581,0.05493226274847984
108,12,I,/,49,0.5680649280548096,0.05337640270590782
108,12,I,/,50,0.5698971152305603,0.05002410337328911
108,12,I,/,51,0.5715606212615967,0.047474201768636703
108,12,I,/,52,0.579212486743927,0.0503978431224823
108,12,I,/,53,0.593782901763916,0.054741207510232925
108,12,I,/,54,0.6091018319129944,0.053821224719285965
108,12,I,/,55,0.6209583878517151,0.04250887408852577
108,12,I,/,56,0.6316050887107849,0.03608807548880577
108,12,I,/,57,0.6422165632247925,0.049793366342782974
108,12,I,/,58,0.6475422978401184,0.06695404648780823
108,12,I,/,59,0.6505445837974548,0.05335928872227669
108,12,I,/,60,0.6534883975982666,0.05242349952459335
108,12,I,/,61,0.6591458916664124,0.0800558477640152
108,12,I,/,62,0.6589829325675964,0.11090295761823654
108,12,I,/,63,0.6502948999404907,0.1269085854291916
